id,repoName,resourcePath,labelName
MDEwOlJlcG9zaXRvcnkyNzI0MDgy,ec2instances.info,/vantage-sh/ec2instances.info,Feature request
MDEwOlJlcG9zaXRvcnkyNzI0MDgy,ec2instances.info,/vantage-sh/ec2instances.info,Bug
MDEwOlJlcG9zaXRvcnkyNzI0MDgy,ec2instances.info,/vantage-sh/ec2instances.info,RDS
MDEwOlJlcG9zaXRvcnkyNzI0MDgy,ec2instances.info,/vantage-sh/ec2instances.info,Data request
MDEwOlJlcG9zaXRvcnkyNzI0MDgy,ec2instances.info,/vantage-sh/ec2instances.info,Missing Upstream Data
MDEwOlJlcG9zaXRvcnkyNzI0MDgy,ec2instances.info,/vantage-sh/ec2instances.info,UX
MDEwOlJlcG9zaXRvcnkyNzI0MDgy,ec2instances.info,/vantage-sh/ec2instances.info,Invalid Upstream Data
MDEwOlJlcG9zaXRvcnk3MTk2NjE3Nw==,webpack-bundle-analyzer,/webpack-contrib/webpack-bundle-analyzer,type: Bug
MDEwOlJlcG9zaXRvcnk3MTk2NjE3Nw==,webpack-bundle-analyzer,/webpack-contrib/webpack-bundle-analyzer,Status: Ready for PR
MDEwOlJlcG9zaXRvcnk3MTk2NjE3Nw==,webpack-bundle-analyzer,/webpack-contrib/webpack-bundle-analyzer,type: Feature
MDEwOlJlcG9zaXRvcnk3MTk2NjE3Nw==,webpack-bundle-analyzer,/webpack-contrib/webpack-bundle-analyzer,Status: Needs details / reproduction
MDEwOlJlcG9zaXRvcnk3MTk2NjE3Nw==,webpack-bundle-analyzer,/webpack-contrib/webpack-bundle-analyzer,Type: Discussion
MDEwOlJlcG9zaXRvcnk3MTk2NjE3Nw==,webpack-bundle-analyzer,/webpack-contrib/webpack-bundle-analyzer,Status: Stale
MDEwOlJlcG9zaXRvcnk3MTk2NjE3Nw==,webpack-bundle-analyzer,/webpack-contrib/webpack-bundle-analyzer,status: Needs triage
MDEwOlJlcG9zaXRvcnk3MTk2NjE3Nw==,webpack-bundle-analyzer,/webpack-contrib/webpack-bundle-analyzer,Status: Upstream action required
MDEwOlJlcG9zaXRvcnk3MTk2NjE3Nw==,webpack-bundle-analyzer,/webpack-contrib/webpack-bundle-analyzer,type: Chore
MDEwOlJlcG9zaXRvcnk3MTk2NjE3Nw==,webpack-bundle-analyzer,/webpack-contrib/webpack-bundle-analyzer,type: Documentation
MDEwOlJlcG9zaXRvcnk3MTk2NjE3Nw==,webpack-bundle-analyzer,/webpack-contrib/webpack-bundle-analyzer,type: Refactor
MDEwOlJlcG9zaXRvcnk3MTk2NjE3Nw==,webpack-bundle-analyzer,/webpack-contrib/webpack-bundle-analyzer,type: Style
MDEwOlJlcG9zaXRvcnk3MTk2NjE3Nw==,webpack-bundle-analyzer,/webpack-contrib/webpack-bundle-analyzer,type: CI
MDEwOlJlcG9zaXRvcnk3MTk2NjE3Nw==,webpack-bundle-analyzer,/webpack-contrib/webpack-bundle-analyzer,type: Build
MDEwOlJlcG9zaXRvcnk3MTk2NjE3Nw==,webpack-bundle-analyzer,/webpack-contrib/webpack-bundle-analyzer,severity: 1 (security)
MDEwOlJlcG9zaXRvcnk3MTk2NjE3Nw==,webpack-bundle-analyzer,/webpack-contrib/webpack-bundle-analyzer,severity: 2 (regression)
MDEwOlJlcG9zaXRvcnk3MTk2NjE3Nw==,webpack-bundle-analyzer,/webpack-contrib/webpack-bundle-analyzer,severity: 3 (broken)
MDEwOlJlcG9zaXRvcnk3MTk2NjE3Nw==,webpack-bundle-analyzer,/webpack-contrib/webpack-bundle-analyzer,severity: 4 (inconvenient)
MDEwOlJlcG9zaXRvcnk3MTk2NjE3Nw==,webpack-bundle-analyzer,/webpack-contrib/webpack-bundle-analyzer,severity: 5 (confusing)
MDEwOlJlcG9zaXRvcnk3MTk2NjE3Nw==,webpack-bundle-analyzer,/webpack-contrib/webpack-bundle-analyzer,priority: 1 (critical)
MDEwOlJlcG9zaXRvcnk3MTk2NjE3Nw==,webpack-bundle-analyzer,/webpack-contrib/webpack-bundle-analyzer,priority: 2 (urgent)
MDEwOlJlcG9zaXRvcnk3MTk2NjE3Nw==,webpack-bundle-analyzer,/webpack-contrib/webpack-bundle-analyzer,priority: 3 (required)
MDEwOlJlcG9zaXRvcnk3MTk2NjE3Nw==,webpack-bundle-analyzer,/webpack-contrib/webpack-bundle-analyzer,priority: 4 (important)
MDEwOlJlcG9zaXRvcnk3MTk2NjE3Nw==,webpack-bundle-analyzer,/webpack-contrib/webpack-bundle-analyzer,priority: 5 (nice to have)
MDEwOlJlcG9zaXRvcnk3MTk2NjE3Nw==,webpack-bundle-analyzer,/webpack-contrib/webpack-bundle-analyzer,flag: Has pull request
MDEwOlJlcG9zaXRvcnk3MTk2NjE3Nw==,webpack-bundle-analyzer,/webpack-contrib/webpack-bundle-analyzer,flag: Needs Docs
MDEwOlJlcG9zaXRvcnk3MTk2NjE3Nw==,webpack-bundle-analyzer,/webpack-contrib/webpack-bundle-analyzer,flag: Needs Tests
MDEwOlJlcG9zaXRvcnk3MTk2NjE3Nw==,webpack-bundle-analyzer,/webpack-contrib/webpack-bundle-analyzer,flag: Performance
MDEwOlJlcG9zaXRvcnk3MTk2NjE3Nw==,webpack-bundle-analyzer,/webpack-contrib/webpack-bundle-analyzer,flag: Community help wanted
MDEwOlJlcG9zaXRvcnk3MTk2NjE3Nw==,webpack-bundle-analyzer,/webpack-contrib/webpack-bundle-analyzer,flag: Needs more info
MDEwOlJlcG9zaXRvcnk3MTk2NjE3Nw==,webpack-bundle-analyzer,/webpack-contrib/webpack-bundle-analyzer,pr_action: Discuss
MDEwOlJlcG9zaXRvcnk3MTk2NjE3Nw==,webpack-bundle-analyzer,/webpack-contrib/webpack-bundle-analyzer,pr_action: Review
MDEwOlJlcG9zaXRvcnk3MTk2NjE3Nw==,webpack-bundle-analyzer,/webpack-contrib/webpack-bundle-analyzer,pr_action: Rework
MDEwOlJlcG9zaXRvcnk3MTk2NjE3Nw==,webpack-bundle-analyzer,/webpack-contrib/webpack-bundle-analyzer,pr_action: Rebase
MDEwOlJlcG9zaXRvcnk3MTk2NjE3Nw==,webpack-bundle-analyzer,/webpack-contrib/webpack-bundle-analyzer,pr_action: Blocked
MDEwOlJlcG9zaXRvcnk3MTk2NjE3Nw==,webpack-bundle-analyzer,/webpack-contrib/webpack-bundle-analyzer,pr_action: Merge ready
MDEwOlJlcG9zaXRvcnk3MTk2NjE3Nw==,webpack-bundle-analyzer,/webpack-contrib/webpack-bundle-analyzer,status: Pending
MDEwOlJlcG9zaXRvcnk3MTk2NjE3Nw==,webpack-bundle-analyzer,/webpack-contrib/webpack-bundle-analyzer,status: Needs repro
MDEwOlJlcG9zaXRvcnk3MTk2NjE3Nw==,webpack-bundle-analyzer,/webpack-contrib/webpack-bundle-analyzer,status: Declined
MDEwOlJlcG9zaXRvcnk3MTk2NjE3Nw==,webpack-bundle-analyzer,/webpack-contrib/webpack-bundle-analyzer,status: Blocked
MDEwOlJlcG9zaXRvcnk3MTk2NjE3Nw==,webpack-bundle-analyzer,/webpack-contrib/webpack-bundle-analyzer,status: Approved
MDEwOlJlcG9zaXRvcnk3MTk2NjE3Nw==,webpack-bundle-analyzer,/webpack-contrib/webpack-bundle-analyzer,semver: Patch
MDEwOlJlcG9zaXRvcnk3MTk2NjE3Nw==,webpack-bundle-analyzer,/webpack-contrib/webpack-bundle-analyzer,semver: Minor
MDEwOlJlcG9zaXRvcnk3MTk2NjE3Nw==,webpack-bundle-analyzer,/webpack-contrib/webpack-bundle-analyzer,semver: Major
MDEwOlJlcG9zaXRvcnk3MTk2NjE3Nw==,webpack-bundle-analyzer,/webpack-contrib/webpack-bundle-analyzer,good first issue
MDEwOlJlcG9zaXRvcnk3MTk2NjE3Nw==,webpack-bundle-analyzer,/webpack-contrib/webpack-bundle-analyzer,flag: Has reproduction case
MDEwOlJlcG9zaXRvcnk3MTk2NjE3Nw==,webpack-bundle-analyzer,/webpack-contrib/webpack-bundle-analyzer,dependencies
MDEwOlJlcG9zaXRvcnkxODMyNjc4NDM=,advanced-react-hooks,/kentcdodds/advanced-react-hooks,bug
MDEwOlJlcG9zaXRvcnkxODMyNjc4NDM=,advanced-react-hooks,/kentcdodds/advanced-react-hooks,duplicate
MDEwOlJlcG9zaXRvcnkxODMyNjc4NDM=,advanced-react-hooks,/kentcdodds/advanced-react-hooks,enhancement
MDEwOlJlcG9zaXRvcnkxODMyNjc4NDM=,advanced-react-hooks,/kentcdodds/advanced-react-hooks,help wanted
MDEwOlJlcG9zaXRvcnkxODMyNjc4NDM=,advanced-react-hooks,/kentcdodds/advanced-react-hooks,good first issue
MDEwOlJlcG9zaXRvcnkxODMyNjc4NDM=,advanced-react-hooks,/kentcdodds/advanced-react-hooks,invalid
MDEwOlJlcG9zaXRvcnkxODMyNjc4NDM=,advanced-react-hooks,/kentcdodds/advanced-react-hooks,question
MDEwOlJlcG9zaXRvcnkxODMyNjc4NDM=,advanced-react-hooks,/kentcdodds/advanced-react-hooks,wontfix
MDEwOlJlcG9zaXRvcnkxODMyNjc4NDM=,advanced-react-hooks,/kentcdodds/advanced-react-hooks,dependencies
MDEwOlJlcG9zaXRvcnkxNTQ2NDc3Mg==,card,/jessepollak/card,bug
MDEwOlJlcG9zaXRvcnkxNTQ2NDc3Mg==,card,/jessepollak/card,duplicate
MDEwOlJlcG9zaXRvcnkxNTQ2NDc3Mg==,card,/jessepollak/card,enhancement
MDEwOlJlcG9zaXRvcnkxNTQ2NDc3Mg==,card,/jessepollak/card,invalid
MDEwOlJlcG9zaXRvcnkxNTQ2NDc3Mg==,card,/jessepollak/card,question
MDEwOlJlcG9zaXRvcnkxNTQ2NDc3Mg==,card,/jessepollak/card,wontfix
MDEwOlJlcG9zaXRvcnkxNTQ2NDc3Mg==,card,/jessepollak/card,good-first-PR (easy)
MDEwOlJlcG9zaXRvcnkxNTQ2NDc3Mg==,card,/jessepollak/card,css
MDEwOlJlcG9zaXRvcnkxNTQ2NDc3Mg==,card,/jessepollak/card,coffeescript
MDEwOlJlcG9zaXRvcnkxNTQ2NDc3Mg==,card,/jessepollak/card,dependencies
MDEwOlJlcG9zaXRvcnkxNTQ2NDc3Mg==,card,/jessepollak/card,workaround
MDEwOlJlcG9zaXRvcnkxMzQwNDUxNQ==,HikariCP,/brettwooldridge/HikariCP,bug
MDEwOlJlcG9zaXRvcnkxMzQwNDUxNQ==,HikariCP,/brettwooldridge/HikariCP,duplicate
MDEwOlJlcG9zaXRvcnkxMzQwNDUxNQ==,HikariCP,/brettwooldridge/HikariCP,enhancement
MDEwOlJlcG9zaXRvcnkxMzQwNDUxNQ==,HikariCP,/brettwooldridge/HikariCP,more-information-needed
MDEwOlJlcG9zaXRvcnkxMzQwNDUxNQ==,HikariCP,/brettwooldridge/HikariCP,question
MDEwOlJlcG9zaXRvcnkxMzQwNDUxNQ==,HikariCP,/brettwooldridge/HikariCP,wontfix
MDEwOlJlcG9zaXRvcnkxMzQwNDUxNQ==,HikariCP,/brettwooldridge/HikariCP,volunteer-needed
MDEwOlJlcG9zaXRvcnkxMzQwNDUxNQ==,HikariCP,/brettwooldridge/HikariCP,not-a-bug
MDEwOlJlcG9zaXRvcnkxMzQwNDUxNQ==,HikariCP,/brettwooldridge/HikariCP,awaiting-response
MDEwOlJlcG9zaXRvcnkyNDI2ODEyNw==,nvm-windows,/coreybutler/nvm-windows,bug
MDEwOlJlcG9zaXRvcnkyNDI2ODEyNw==,nvm-windows,/coreybutler/nvm-windows,duplicate
MDEwOlJlcG9zaXRvcnkyNDI2ODEyNw==,nvm-windows,/coreybutler/nvm-windows,enhancement request
MDEwOlJlcG9zaXRvcnkyNDI2ODEyNw==,nvm-windows,/coreybutler/nvm-windows,help wanted
MDEwOlJlcG9zaXRvcnkyNDI2ODEyNw==,nvm-windows,/coreybutler/nvm-windows,invalid
MDEwOlJlcG9zaXRvcnkyNDI2ODEyNw==,nvm-windows,/coreybutler/nvm-windows,question
MDEwOlJlcG9zaXRvcnkyNDI2ODEyNw==,nvm-windows,/coreybutler/nvm-windows,wontfix
MDEwOlJlcG9zaXRvcnkyNDI2ODEyNw==,nvm-windows,/coreybutler/nvm-windows,Installer Issue
MDEwOlJlcG9zaXRvcnkyNDI2ODEyNw==,nvm-windows,/coreybutler/nvm-windows,OS Not Supported (EOL)
MDEwOlJlcG9zaXRvcnkyNDI2ODEyNw==,nvm-windows,/coreybutler/nvm-windows,edge case
MDEwOlJlcG9zaXRvcnkyNDI2ODEyNw==,nvm-windows,/coreybutler/nvm-windows,discovery needed
MDEwOlJlcG9zaXRvcnkyNDI2ODEyNw==,nvm-windows,/coreybutler/nvm-windows,cannot recreate
MDEwOlJlcG9zaXRvcnkyNDI2ODEyNw==,nvm-windows,/coreybutler/nvm-windows,upstream-bug
MDEwOlJlcG9zaXRvcnkyNDI2ODEyNw==,nvm-windows,/coreybutler/nvm-windows,investigating
MDEwOlJlcG9zaXRvcnkyNDI2ODEyNw==,nvm-windows,/coreybutler/nvm-windows,docs
MDEwOlJlcG9zaXRvcnkyNDI2ODEyNw==,nvm-windows,/coreybutler/nvm-windows,Stale
MDEwOlJlcG9zaXRvcnkyNDI2ODEyNw==,nvm-windows,/coreybutler/nvm-windows,community feedback requested
MDEwOlJlcG9zaXRvcnkyNDI2ODEyNw==,nvm-windows,/coreybutler/nvm-windows,consider for rt
MDEwOlJlcG9zaXRvcnk2ODQwMjMzNg==,streamlink,/streamlink/streamlink,bug
MDEwOlJlcG9zaXRvcnk2ODQwMjMzNg==,streamlink,/streamlink/streamlink,duplicate
MDEwOlJlcG9zaXRvcnk2ODQwMjMzNg==,streamlink,/streamlink/streamlink,enhancement
MDEwOlJlcG9zaXRvcnk2ODQwMjMzNg==,streamlink,/streamlink/streamlink,help wanted
MDEwOlJlcG9zaXRvcnk2ODQwMjMzNg==,streamlink,/streamlink/streamlink,invalid
MDEwOlJlcG9zaXRvcnk2ODQwMjMzNg==,streamlink,/streamlink/streamlink,question
MDEwOlJlcG9zaXRvcnk2ODQwMjMzNg==,streamlink,/streamlink/streamlink,wontfix
MDEwOlJlcG9zaXRvcnk2ODQwMjMzNg==,streamlink,/streamlink/streamlink,documentation
MDEwOlJlcG9zaXRvcnk2ODQwMjMzNg==,streamlink,/streamlink/streamlink,WIP
MDEwOlJlcG9zaXRvcnk2ODQwMjMzNg==,streamlink,/streamlink/streamlink,low hanging fruit
MDEwOlJlcG9zaXRvcnk2ODQwMjMzNg==,streamlink,/streamlink/streamlink,oversight
MDEwOlJlcG9zaXRvcnk2ODQwMjMzNg==,streamlink,/streamlink/streamlink,plugin request
MDEwOlJlcG9zaXRvcnk2ODQwMjMzNg==,streamlink,/streamlink/streamlink,meta
MDEwOlJlcG9zaXRvcnk2ODQwMjMzNg==,streamlink,/streamlink/streamlink,NSFW
MDEwOlJlcG9zaXRvcnk2ODQwMjMzNg==,streamlink,/streamlink/streamlink,out of scope
MDEwOlJlcG9zaXRvcnk2ODQwMjMzNg==,streamlink,/streamlink/streamlink,unconfirmed
MDEwOlJlcG9zaXRvcnk2ODQwMjMzNg==,streamlink,/streamlink/streamlink,feature request
MDEwOlJlcG9zaXRvcnk2ODQwMjMzNg==,streamlink,/streamlink/streamlink,solved
MDEwOlJlcG9zaXRvcnk2ODQwMjMzNg==,streamlink,/streamlink/streamlink,more info required
MDEwOlJlcG9zaXRvcnk2ODQwMjMzNg==,streamlink,/streamlink/streamlink,player issue
MDEwOlJlcG9zaXRvcnk2ODQwMjMzNg==,streamlink,/streamlink/streamlink,plugin issue
MDEwOlJlcG9zaXRvcnk2ODQwMjMzNg==,streamlink,/streamlink/streamlink,dependencies
MDEwOlJlcG9zaXRvcnk2ODQwMjMzNg==,streamlink,/streamlink/streamlink,packages
MDEwOlJlcG9zaXRvcnk2ODQwMjMzNg==,streamlink,/streamlink/streamlink,release
MDEwOlJlcG9zaXRvcnk2ODQwMjMzNg==,streamlink,/streamlink/streamlink,restriction: account needed
MDEwOlJlcG9zaXRvcnk2ODQwMjMzNg==,streamlink,/streamlink/streamlink,plugin removal
MDEwOlJlcG9zaXRvcnk2ODQwMjMzNg==,streamlink,/streamlink/streamlink,plugin enhancement
MDEwOlJlcG9zaXRvcnk2ODQwMjMzNg==,streamlink,/streamlink/streamlink,does not meet requirements
MDEwOlJlcG9zaXRvcnk2ODQwMjMzNg==,streamlink,/streamlink/streamlink,no response
MDEwOlJlcG9zaXRvcnk2ODQwMjMzNg==,streamlink,/streamlink/streamlink,Windows installer
MDEwOlJlcG9zaXRvcnk2ODQwMjMzNg==,streamlink,/streamlink/streamlink,os: Windows
MDEwOlJlcG9zaXRvcnk2ODQwMjMzNg==,streamlink,/streamlink/streamlink,os: macOS
MDEwOlJlcG9zaXRvcnk2ODQwMjMzNg==,streamlink,/streamlink/streamlink,os: Linux
MDEwOlJlcG9zaXRvcnk2ODQwMjMzNg==,streamlink,/streamlink/streamlink,os: BSD
MDEwOlJlcG9zaXRvcnk2ODQwMjMzNg==,streamlink,/streamlink/streamlink,continuous integration
MDEwOlJlcG9zaXRvcnk2ODQwMjMzNg==,streamlink,/streamlink/streamlink,drm
MDEwOlJlcG9zaXRvcnk2ODQwMjMzNg==,streamlink,/streamlink/streamlink,new plugin
MDEwOlJlcG9zaXRvcnk2ODQwMjMzNg==,streamlink,/streamlink/streamlink,cleanup
MDEwOlJlcG9zaXRvcnk2ODQwMjMzNg==,streamlink,/streamlink/streamlink,needs rebase
MDEwOlJlcG9zaXRvcnk2ODQwMjMzNg==,streamlink,/streamlink/streamlink,python-2
MDEwOlJlcG9zaXRvcnk2ODQwMjMzNg==,streamlink,/streamlink/streamlink,stream: HLS
MDEwOlJlcG9zaXRvcnk2ODQwMjMzNg==,streamlink,/streamlink/streamlink,stream: DASH
MDEwOlJlcG9zaXRvcnk2ODQwMjMzNg==,streamlink,/streamlink/streamlink,stream: HDS
MDEwOlJlcG9zaXRvcnk2ODQwMjMzNg==,streamlink,/streamlink/streamlink,stream: RTMP
MDEwOlJlcG9zaXRvcnk2ODQwMjMzNg==,streamlink,/streamlink/streamlink,restriction: geo blocked
MDEwOlJlcG9zaXRvcnk2ODQwMjMzNg==,streamlink,/streamlink/streamlink,PR: squash commits
MDEwOlJlcG9zaXRvcnk2ODQwMjMzNg==,streamlink,/streamlink/streamlink,PR: rebase commits
MDEwOlJlcG9zaXRvcnk2ODQwMjMzNg==,streamlink,/streamlink/streamlink,PR: merge commit
MDEwOlJlcG9zaXRvcnk2ODQwMjMzNg==,streamlink,/streamlink/streamlink,python-3
MDEwOlJlcG9zaXRvcnk2ODQwMjMzNg==,streamlink,/streamlink/streamlink,disallowed plugin type
MDEwOlJlcG9zaXRvcnk2ODQwMjMzNg==,streamlink,/streamlink/streamlink,tests
MDEwOlJlcG9zaXRvcnk2ODQwMjMzNg==,streamlink,/streamlink/streamlink,stream: ffmpegmux
MDEwOlJlcG9zaXRvcnk2ODQwMjMzNg==,streamlink,/streamlink/streamlink,logging
MDEwOlJlcG9zaXRvcnk2ODQwMjMzNg==,streamlink,/streamlink/streamlink,plugin request - approved
MDEwOlJlcG9zaXRvcnk2ODQwMjMzNg==,streamlink,/streamlink/streamlink,user error
MDEwOlJlcG9zaXRvcnk2ODQwMjMzNg==,streamlink,/streamlink/streamlink,PR: needs commit message fix
MDEwOlJlcG9zaXRvcnk2ODQwMjMzNg==,streamlink,/streamlink/streamlink,CLI
MDEwOlJlcG9zaXRvcnk2ODQwMjMzNg==,streamlink,/streamlink/streamlink,End of Life
MDEwOlJlcG9zaXRvcnk2ODQwMjMzNg==,streamlink,/streamlink/streamlink,API: session
MDEwOlJlcG9zaXRvcnk2ODQwMjMzNg==,streamlink,/streamlink/streamlink,API: plugin
MDEwOlJlcG9zaXRvcnk2ODQwMjMzNg==,streamlink,/streamlink/streamlink,API: http-session
MDEwOlJlcG9zaXRvcnk2ODQwMjMzNg==,streamlink,/streamlink/streamlink,API: validation
MDEwOlJlcG9zaXRvcnk2ODQwMjMzNg==,streamlink,/streamlink/streamlink,build config
MDEwOlJlcG9zaXRvcnk2ODQwMjMzNg==,streamlink,/streamlink/streamlink,API: websocket
MDEwOlJlcG9zaXRvcnk2ODQwMjMzNg==,streamlink,/streamlink/streamlink,stream: HTTP
MDEwOlJlcG9zaXRvcnkxNTQwNTYwNw==,kafka-docker,/wurstmeister/kafka-docker,bug
MDEwOlJlcG9zaXRvcnkxNTQwNTYwNw==,kafka-docker,/wurstmeister/kafka-docker,duplicate
MDEwOlJlcG9zaXRvcnkxNTQwNTYwNw==,kafka-docker,/wurstmeister/kafka-docker,enhancement
MDEwOlJlcG9zaXRvcnkxNTQwNTYwNw==,kafka-docker,/wurstmeister/kafka-docker,invalid
MDEwOlJlcG9zaXRvcnkxNTQwNTYwNw==,kafka-docker,/wurstmeister/kafka-docker,question
MDEwOlJlcG9zaXRvcnkxNTQwNTYwNw==,kafka-docker,/wurstmeister/kafka-docker,wontfix
MDEwOlJlcG9zaXRvcnkxNTQwNTYwNw==,kafka-docker,/wurstmeister/kafka-docker,docker-swarm
MDEwOlJlcG9zaXRvcnkxNTQwNTYwNw==,kafka-docker,/wurstmeister/kafka-docker,kubernetes
MDEwOlJlcG9zaXRvcnkxNTQwNTYwNw==,kafka-docker,/wurstmeister/kafka-docker,windows
MDEwOlJlcG9zaXRvcnkxNTQwNTYwNw==,kafka-docker,/wurstmeister/kafka-docker,documentation
MDEwOlJlcG9zaXRvcnkxNTQwNTYwNw==,kafka-docker,/wurstmeister/kafka-docker,good first issue
MDEwOlJlcG9zaXRvcnkxNTQwNTYwNw==,kafka-docker,/wurstmeister/kafka-docker,help wanted
MDEwOlJlcG9zaXRvcnkxNTQwNTYwNw==,kafka-docker,/wurstmeister/kafka-docker,missing info
MDEwOlJlcG9zaXRvcnkxMjgwMTg0Mjg=,Sentinel,/alibaba/Sentinel,kind/bug
MDEwOlJlcG9zaXRvcnkxMjgwMTg0Mjg=,Sentinel,/alibaba/Sentinel,duplicate
MDEwOlJlcG9zaXRvcnkxMjgwMTg0Mjg=,Sentinel,/alibaba/Sentinel,kind/enhancement
MDEwOlJlcG9zaXRvcnkxMjgwMTg0Mjg=,Sentinel,/alibaba/Sentinel,help wanted
MDEwOlJlcG9zaXRvcnkxMjgwMTg0Mjg=,Sentinel,/alibaba/Sentinel,good first issue
MDEwOlJlcG9zaXRvcnkxMjgwMTg0Mjg=,Sentinel,/alibaba/Sentinel,invalid
MDEwOlJlcG9zaXRvcnkxMjgwMTg0Mjg=,Sentinel,/alibaba/Sentinel,kind/question
MDEwOlJlcG9zaXRvcnkxMjgwMTg0Mjg=,Sentinel,/alibaba/Sentinel,wontfix
MDEwOlJlcG9zaXRvcnkxMjgwMTg0Mjg=,Sentinel,/alibaba/Sentinel,to-review
MDEwOlJlcG9zaXRvcnkxMjgwMTg0Mjg=,Sentinel,/alibaba/Sentinel,typo/format
MDEwOlJlcG9zaXRvcnkxMjgwMTg0Mjg=,Sentinel,/alibaba/Sentinel,kind/discussion
MDEwOlJlcG9zaXRvcnkxMjgwMTg0Mjg=,Sentinel,/alibaba/Sentinel,area/dashboard
MDEwOlJlcG9zaXRvcnkxMjgwMTg0Mjg=,Sentinel,/alibaba/Sentinel,kind/feature
MDEwOlJlcG9zaXRvcnkxMjgwMTg0Mjg=,Sentinel,/alibaba/Sentinel,area/document
MDEwOlJlcG9zaXRvcnkxMjgwMTg0Mjg=,Sentinel,/alibaba/Sentinel,weekly-report
MDEwOlJlcG9zaXRvcnkxMjgwMTg0Mjg=,Sentinel,/alibaba/Sentinel,area/cluster-flow
MDEwOlJlcG9zaXRvcnkxMjgwMTg0Mjg=,Sentinel,/alibaba/Sentinel,area/annotation
MDEwOlJlcG9zaXRvcnkxMjgwMTg0Mjg=,Sentinel,/alibaba/Sentinel,priority/low
MDEwOlJlcG9zaXRvcnkxMjgwMTg0Mjg=,Sentinel,/alibaba/Sentinel,size/S
MDEwOlJlcG9zaXRvcnkxMjgwMTg0Mjg=,Sentinel,/alibaba/Sentinel,size/M
MDEwOlJlcG9zaXRvcnkxMjgwMTg0Mjg=,Sentinel,/alibaba/Sentinel,priority/normal
MDEwOlJlcG9zaXRvcnkxMjgwMTg0Mjg=,Sentinel,/alibaba/Sentinel,size/XXL
MDEwOlJlcG9zaXRvcnkxMjgwMTg0Mjg=,Sentinel,/alibaba/Sentinel,priority/urgent
MDEwOlJlcG9zaXRvcnkxMjgwMTg0Mjg=,Sentinel,/alibaba/Sentinel,size/XL
MDEwOlJlcG9zaXRvcnkxMjgwMTg0Mjg=,Sentinel,/alibaba/Sentinel,priority/high
MDEwOlJlcG9zaXRvcnkxMjgwMTg0Mjg=,Sentinel,/alibaba/Sentinel,kind/notice
MDEwOlJlcG9zaXRvcnkxMjgwMTg0Mjg=,Sentinel,/alibaba/Sentinel,size/L
MDEwOlJlcG9zaXRvcnkxMjgwMTg0Mjg=,Sentinel,/alibaba/Sentinel,size/XS
MDEwOlJlcG9zaXRvcnkxMjgwMTg0Mjg=,Sentinel,/alibaba/Sentinel,area/test
MDEwOlJlcG9zaXRvcnkxMjgwMTg0Mjg=,Sentinel,/alibaba/Sentinel,area/integrations
MDEwOlJlcG9zaXRvcnkxMjgwMTg0Mjg=,Sentinel,/alibaba/Sentinel,inactive
MDEwOlJlcG9zaXRvcnkxMjgwMTg0Mjg=,Sentinel,/alibaba/Sentinel,merge-conflict
MDEwOlJlcG9zaXRvcnkxMjgwMTg0Mjg=,Sentinel,/alibaba/Sentinel,area/metrics
MDEwOlJlcG9zaXRvcnkxMjgwMTg0Mjg=,Sentinel,/alibaba/Sentinel,area/configuration
MDEwOlJlcG9zaXRvcnkxMjgwMTg0Mjg=,Sentinel,/alibaba/Sentinel,integration/spring-cloud
MDEwOlJlcG9zaXRvcnkxMjgwMTg0Mjg=,Sentinel,/alibaba/Sentinel,area/cloud-native
MDEwOlJlcG9zaXRvcnkxMjgwMTg0Mjg=,Sentinel,/alibaba/Sentinel,SoC2019
MDEwOlJlcG9zaXRvcnkxMjgwMTg0Mjg=,Sentinel,/alibaba/Sentinel,area/polyglot
MDEwOlJlcG9zaXRvcnkxMjgwMTg0Mjg=,Sentinel,/alibaba/Sentinel,area/logging
MDEwOlJlcG9zaXRvcnkxMjgwMTg0Mjg=,Sentinel,/alibaba/Sentinel,area/circuit-breaking
MDEwOlJlcG9zaXRvcnkxMjgwMTg0Mjg=,Sentinel,/alibaba/Sentinel,area/flow-control
MDEwOlJlcG9zaXRvcnkxMjgwMTg0Mjg=,Sentinel,/alibaba/Sentinel,area/gateway-flow-control
MDEwOlJlcG9zaXRvcnkxMjgwMTg0Mjg=,Sentinel,/alibaba/Sentinel,dependencies
MDEwOlJlcG9zaXRvcnkxMjgwMTg0Mjg=,Sentinel,/alibaba/Sentinel,java
MDEwOlJlcG9zaXRvcnkxMjgwMTg0Mjg=,Sentinel,/alibaba/Sentinel,area/data-source
MDEwOlJlcG9zaXRvcnkxMjgwMTg0Mjg=,Sentinel,/alibaba/Sentinel,area/adaptive-traffic-shaping
MDEwOlJlcG9zaXRvcnkxMjgwMTg0Mjg=,Sentinel,/alibaba/Sentinel,area/benchmark
MDEwOlJlcG9zaXRvcnkxMjgwMTg0Mjg=,Sentinel,/alibaba/Sentinel,area/performance
MDEwOlJlcG9zaXRvcnkxMjgwMTg0Mjg=,Sentinel,/alibaba/Sentinel,javascript
MDEwOlJlcG9zaXRvcnkxMjgwMTg0Mjg=,Sentinel,/alibaba/Sentinel,ASoC2020
MDEwOlJlcG9zaXRvcnkxMjgwMTg0Mjg=,Sentinel,/alibaba/Sentinel,kind/refactor
MDEwOlJlcG9zaXRvcnkxMjgwMTg0Mjg=,Sentinel,/alibaba/Sentinel,size/âˆž
MDEwOlJlcG9zaXRvcnkxMjgwMTg0Mjg=,Sentinel,/alibaba/Sentinel,area/ci
MDEwOlJlcG9zaXRvcnkxMjgwMTg0Mjg=,Sentinel,/alibaba/Sentinel,area/example
MDEwOlJlcG9zaXRvcnkxMjgwMTg0Mjg=,Sentinel,/alibaba/Sentinel,area/hotspot-param-flow
MDEwOlJlcG9zaXRvcnkxMjgwMTg0Mjg=,Sentinel,/alibaba/Sentinel,api-change
MDEwOlJlcG9zaXRvcnkxMjgwMTg0Mjg=,Sentinel,/alibaba/Sentinel,area/concurrency-limiting
MDEwOlJlcG9zaXRvcnkxMjgwMTg0Mjg=,Sentinel,/alibaba/Sentinel,SoC2021
MDEwOlJlcG9zaXRvcnkxMjgwMTg0Mjg=,Sentinel,/alibaba/Sentinel,wait-for-feedback
MDEwOlJlcG9zaXRvcnkxNjMxNTcw,PHP-Parser,/nikic/PHP-Parser,help wanted
MDEwOlJlcG9zaXRvcnkyMzA4ODc0MA==,axios,/axios/axios,beginner friendly
MDEwOlJlcG9zaXRvcnkyMzA4ODc0MA==,axios,/axios/axios,status:invalid
MDEwOlJlcG9zaXRvcnkyMzA4ODc0MA==,axios,/axios/axios,status:stale
MDEwOlJlcG9zaXRvcnkyMzA4ODc0MA==,axios,/axios/axios,status:wont fix
MDEwOlJlcG9zaXRvcnkyMzA4ODc0MA==,axios,/axios/axios,status:work in progress
MDEwOlJlcG9zaXRvcnkyMzA4ODc0MA==,axios,/axios/axios,status:review
MDEwOlJlcG9zaXRvcnkyMzA4ODc0MA==,axios,/axios/axios,status:possible bug
MDEwOlJlcG9zaXRvcnkyMzA4ODc0MA==,axios,/axios/axios,status:more info needed
MDEwOlJlcG9zaXRvcnkyMzA4ODc0MA==,axios,/axios/axios,type:question
MDEwOlJlcG9zaXRvcnkyMzA4ODc0MA==,axios,/axios/axios,type:regression
MDEwOlJlcG9zaXRvcnkyMzA4ODc0MA==,axios,/axios/axios,type:enhancement
MDEwOlJlcG9zaXRvcnkyMzA4ODc0MA==,axios,/axios/axios,type:documentation
MDEwOlJlcG9zaXRvcnkyMzA4ODc0MA==,axios,/axios/axios,type:future proposal
MDEwOlJlcG9zaXRvcnkyMzA4ODc0MA==,axios,/axios/axios,type:confirmed bug
MDEwOlJlcG9zaXRvcnkyMzA4ODc0MA==,axios,/axios/axios,type:feature
MDEwOlJlcG9zaXRvcnkyMzA4ODc0MA==,axios,/axios/axios,priority:high
MDEwOlJlcG9zaXRvcnkyMzA4ODc0MA==,axios,/axios/axios,priority:low
MDEwOlJlcG9zaXRvcnkyMzA4ODc0MA==,axios,/axios/axios,component:adapter
MDEwOlJlcG9zaXRvcnkyMzA4ODc0MA==,axios,/axios/axios,component:cookies
MDEwOlJlcG9zaXRvcnkyMzA4ODc0MA==,axios,/axios/axios,component:encoding
MDEwOlJlcG9zaXRvcnkyMzA4ODc0MA==,axios,/axios/axios,component:exceptions
MDEwOlJlcG9zaXRvcnkyMzA4ODc0MA==,axios,/axios/axios,component:headers
MDEwOlJlcG9zaXRvcnkyMzA4ODc0MA==,axios,/axios/axios,component:progress events
MDEwOlJlcG9zaXRvcnkyMzA4ODc0MA==,axios,/axios/axios,component:proxy
MDEwOlJlcG9zaXRvcnkyMzA4ODc0MA==,axios,/axios/axios,component:timeout
MDEwOlJlcG9zaXRvcnkyMzA4ODc0MA==,axios,/axios/axios,component:typescript
MDEwOlJlcG9zaXRvcnkyMzA4ODc0MA==,axios,/axios/axios,axios-next
MDEwOlJlcG9zaXRvcnkyMzA4ODc0MA==,axios,/axios/axios,to-close
MDEwOlJlcG9zaXRvcnkyMzA4ODc0MA==,axios,/axios/axios,status:to-do
MDEwOlJlcG9zaXRvcnkyMzA4ODc0MA==,axios,/axios/axios,follow-up
MDEwOlJlcG9zaXRvcnkyMzA4ODc0MA==,axios,/axios/axios,dependencies
MDEwOlJlcG9zaXRvcnkyNzUxOTgwMA==,Mycat-Server,/MyCATApache/Mycat-Server,bug
MDEwOlJlcG9zaXRvcnkyNzUxOTgwMA==,Mycat-Server,/MyCATApache/Mycat-Server,duplicate
MDEwOlJlcG9zaXRvcnkyNzUxOTgwMA==,Mycat-Server,/MyCATApache/Mycat-Server,enhancement
MDEwOlJlcG9zaXRvcnkyNzUxOTgwMA==,Mycat-Server,/MyCATApache/Mycat-Server,help wanted
MDEwOlJlcG9zaXRvcnkyNzUxOTgwMA==,Mycat-Server,/MyCATApache/Mycat-Server,invalid
MDEwOlJlcG9zaXRvcnkyNzUxOTgwMA==,Mycat-Server,/MyCATApache/Mycat-Server,question
MDEwOlJlcG9zaXRvcnkyNzUxOTgwMA==,Mycat-Server,/MyCATApache/Mycat-Server,wontfix
MDEwOlJlcG9zaXRvcnkyNzUxOTgwMA==,Mycat-Server,/MyCATApache/Mycat-Server,dependencies
MDEwOlJlcG9zaXRvcnkyNzUxOTgwMA==,Mycat-Server,/MyCATApache/Mycat-Server,todo
MDEwOlJlcG9zaXRvcnkyNzUxOTgwMA==,Mycat-Server,/MyCATApache/Mycat-Server,doing
MDEwOlJlcG9zaXRvcnkyNzUxOTgwMA==,Mycat-Server,/MyCATApache/Mycat-Server,done
MDEwOlJlcG9zaXRvcnkyNzUxOTgwMA==,Mycat-Server,/MyCATApache/Mycat-Server,block
MDEwOlJlcG9zaXRvcnkyNzUxOTgwMA==,Mycat-Server,/MyCATApache/Mycat-Server,toClose
MDEwOlJlcG9zaXRvcnk1NDM3ODA2NA==,axios-mock-adapter,/ctimmerm/axios-mock-adapter,bug
MDEwOlJlcG9zaXRvcnk1NDM3ODA2NA==,axios-mock-adapter,/ctimmerm/axios-mock-adapter,duplicate
MDEwOlJlcG9zaXRvcnk1NDM3ODA2NA==,axios-mock-adapter,/ctimmerm/axios-mock-adapter,enhancement
MDEwOlJlcG9zaXRvcnk1NDM3ODA2NA==,axios-mock-adapter,/ctimmerm/axios-mock-adapter,help wanted
MDEwOlJlcG9zaXRvcnk1NDM3ODA2NA==,axios-mock-adapter,/ctimmerm/axios-mock-adapter,invalid
MDEwOlJlcG9zaXRvcnk1NDM3ODA2NA==,axios-mock-adapter,/ctimmerm/axios-mock-adapter,question
MDEwOlJlcG9zaXRvcnk1NDM3ODA2NA==,axios-mock-adapter,/ctimmerm/axios-mock-adapter,wontfix
MDEwOlJlcG9zaXRvcnk1NDM3ODA2NA==,axios-mock-adapter,/ctimmerm/axios-mock-adapter,2.0
MDEwOlJlcG9zaXRvcnk1NDM3ODA2NA==,axios-mock-adapter,/ctimmerm/axios-mock-adapter,test
MDEwOlJlcG9zaXRvcnk1NDM3ODA2NA==,axios-mock-adapter,/ctimmerm/axios-mock-adapter,dependencies
MDEwOlJlcG9zaXRvcnk1NDM3ODA2NA==,axios-mock-adapter,/ctimmerm/axios-mock-adapter,hacktoberfest-accepted
MDEwOlJlcG9zaXRvcnkyNzA4OTE1OA==,pomegranate,/jmschrei/pomegranate,bug
MDEwOlJlcG9zaXRvcnkyNzA4OTE1OA==,pomegranate,/jmschrei/pomegranate,duplicate
MDEwOlJlcG9zaXRvcnkyNzA4OTE1OA==,pomegranate,/jmschrei/pomegranate,enhancement
MDEwOlJlcG9zaXRvcnkyNzA4OTE1OA==,pomegranate,/jmschrei/pomegranate,help wanted
MDEwOlJlcG9zaXRvcnkyNzA4OTE1OA==,pomegranate,/jmschrei/pomegranate,invalid
MDEwOlJlcG9zaXRvcnkyNzA4OTE1OA==,pomegranate,/jmschrei/pomegranate,question
MDEwOlJlcG9zaXRvcnkyNzA4OTE1OA==,pomegranate,/jmschrei/pomegranate,wontfix
MDEwOlJlcG9zaXRvcnkyNzA4OTE1OA==,pomegranate,/jmschrei/pomegranate,v1.0.0
MDEwOlJlcG9zaXRvcnkyNzA4OTE1OA==,pomegranate,/jmschrei/pomegranate,0.9.1
MDEwOlJlcG9zaXRvcnkyOTg5MTE4OA==,standard,/standard/standard,bug
MDEwOlJlcG9zaXRvcnkyOTg5MTE4OA==,standard,/standard/standard,help wanted
MDEwOlJlcG9zaXRvcnkyOTg5MTE4OA==,standard,/standard/standard,question
MDEwOlJlcG9zaXRvcnkyOTg5MTE4OA==,standard,/standard/standard,blocked
MDEwOlJlcG9zaXRvcnkyOTg5MTE4OA==,standard,/standard/standard,need more info
MDEwOlJlcG9zaXRvcnkyOTg5MTE4OA==,standard,/standard/standard,enhancement
MDEwOlJlcG9zaXRvcnkyOTg5MTE4OA==,standard,/standard/standard,meta
MDEwOlJlcG9zaXRvcnkyOTg5MTE4OA==,standard,/standard/standard,ecosystem impact
MDEwOlJlcG9zaXRvcnkyOTg5MTE4OA==,standard,/standard/standard,accepted
MDEwOlJlcG9zaXRvcnkyOTg5MTE4OA==,standard,/standard/standard,stale
MDEwOlJlcG9zaXRvcnkyOTg5MTE4OA==,standard,/standard/standard,dependency
MDEwOlJlcG9zaXRvcnkyMTU1Mjk3MQ==,awesome-shell,/alebcay/awesome-shell,bug
MDEwOlJlcG9zaXRvcnkyMTU1Mjk3MQ==,awesome-shell,/alebcay/awesome-shell,duplicate
MDEwOlJlcG9zaXRvcnkyMTU1Mjk3MQ==,awesome-shell,/alebcay/awesome-shell,enhancement
MDEwOlJlcG9zaXRvcnkyMTU1Mjk3MQ==,awesome-shell,/alebcay/awesome-shell,help wanted
MDEwOlJlcG9zaXRvcnkyMTU1Mjk3MQ==,awesome-shell,/alebcay/awesome-shell,invalid
MDEwOlJlcG9zaXRvcnkyMTU1Mjk3MQ==,awesome-shell,/alebcay/awesome-shell,question
MDEwOlJlcG9zaXRvcnkyMTU1Mjk3MQ==,awesome-shell,/alebcay/awesome-shell,wontfix
MDEwOlJlcG9zaXRvcnkyMTU1Mjk3MQ==,awesome-shell,/alebcay/awesome-shell,merge conflict
MDEwOlJlcG9zaXRvcnkyMTU1Mjk3MQ==,awesome-shell,/alebcay/awesome-shell,out of scope
MDEwOlJlcG9zaXRvcnkyMTU1Mjk3MQ==,awesome-shell,/alebcay/awesome-shell,notability
MDEwOlJlcG9zaXRvcnkyMTU1Mjk3MQ==,awesome-shell,/alebcay/awesome-shell,hacktoberfest-accepted
MDEwOlJlcG9zaXRvcnkxMTQwNzI0Mg==,cookiecutter,/cookiecutter/cookiecutter,bug
MDEwOlJlcG9zaXRvcnkxMTQwNzI0Mg==,cookiecutter,/cookiecutter/cookiecutter,duplicate
MDEwOlJlcG9zaXRvcnkxMTQwNzI0Mg==,cookiecutter,/cookiecutter/cookiecutter,enhancement
MDEwOlJlcG9zaXRvcnkxMTQwNzI0Mg==,cookiecutter,/cookiecutter/cookiecutter,question
MDEwOlJlcG9zaXRvcnkxMTQwNzI0Mg==,cookiecutter,/cookiecutter/cookiecutter,wontfix
MDEwOlJlcG9zaXRvcnkxMTQwNzI0Mg==,cookiecutter,/cookiecutter/cookiecutter,needs-docs
MDEwOlJlcG9zaXRvcnkxMTQwNzI0Mg==,cookiecutter,/cookiecutter/cookiecutter,high-priority
MDEwOlJlcG9zaXRvcnkxMTQwNzI0Mg==,cookiecutter,/cookiecutter/cookiecutter,please-help
MDEwOlJlcG9zaXRvcnkxMTQwNzI0Mg==,cookiecutter,/cookiecutter/cookiecutter,developers
MDEwOlJlcG9zaXRvcnkxMTQwNzI0Mg==,cookiecutter,/cookiecutter/cookiecutter,discussion
MDEwOlJlcG9zaXRvcnkxMTQwNzI0Mg==,cookiecutter,/cookiecutter/cookiecutter,windows
MDEwOlJlcG9zaXRvcnkxMTQwNzI0Mg==,cookiecutter,/cookiecutter/cookiecutter,needs-review
MDEwOlJlcG9zaXRvcnkxMTQwNzI0Mg==,cookiecutter,/cookiecutter/cookiecutter,waiting-for-contributor
MDEwOlJlcG9zaXRvcnkxMTQwNzI0Mg==,cookiecutter,/cookiecutter/cookiecutter,needs tests
MDEwOlJlcG9zaXRvcnkxMTQwNzI0Mg==,cookiecutter,/cookiecutter/cookiecutter,unresolved conflict
MDEwOlJlcG9zaXRvcnkxMTQwNzI0Mg==,cookiecutter,/cookiecutter/cookiecutter,Requires Sponsorship
MDEwOlJlcG9zaXRvcnkxMTQwNzI0Mg==,cookiecutter,/cookiecutter/cookiecutter,documentation
MDEwOlJlcG9zaXRvcnkxMTQwNzI0Mg==,cookiecutter,/cookiecutter/cookiecutter,code style
MDEwOlJlcG9zaXRvcnkxMTQwNzI0Mg==,cookiecutter,/cookiecutter/cookiecutter,WIP
MDEwOlJlcG9zaXRvcnkxMTQwNzI0Mg==,cookiecutter,/cookiecutter/cookiecutter,wontmerge
MDEwOlJlcG9zaXRvcnkxMTQwNzI0Mg==,cookiecutter,/cookiecutter/cookiecutter,CI/CD
MDEwOlJlcG9zaXRvcnkxMTQwNzI0Mg==,cookiecutter,/cookiecutter/cookiecutter,skip-changelog
MDEwOlJlcG9zaXRvcnkxMTQwNzI0Mg==,cookiecutter,/cookiecutter/cookiecutter,tests
MDEwOlJlcG9zaXRvcnkxMTQwNzI0Mg==,cookiecutter,/cookiecutter/cookiecutter,breaking-change
MDEwOlJlcG9zaXRvcnkxMTQwNzI0Mg==,cookiecutter,/cookiecutter/cookiecutter,feature
MDEwOlJlcG9zaXRvcnkxMTQwNzI0Mg==,cookiecutter,/cookiecutter/cookiecutter,major
MDEwOlJlcG9zaXRvcnkxMTQwNzI0Mg==,cookiecutter,/cookiecutter/cookiecutter,deprecated
MDEwOlJlcG9zaXRvcnkxMTQwNzI0Mg==,cookiecutter,/cookiecutter/cookiecutter,good first issue
MDEwOlJlcG9zaXRvcnkxMTQwNzI0Mg==,cookiecutter,/cookiecutter/cookiecutter,backport
MDEwOlJlcG9zaXRvcnkxMTQwNzI0Mg==,cookiecutter,/cookiecutter/cookiecutter,invalid
MDEwOlJlcG9zaXRvcnkxMTM4NjUwMzk=,sapper,/sveltejs/sapper,bug
MDEwOlJlcG9zaXRvcnkxMTM4NjUwMzk=,sapper,/sveltejs/sapper,duplicate
MDEwOlJlcG9zaXRvcnkxMTM4NjUwMzk=,sapper,/sveltejs/sapper,enhancement
MDEwOlJlcG9zaXRvcnkxMTM4NjUwMzk=,sapper,/sveltejs/sapper,help wanted
MDEwOlJlcG9zaXRvcnkxMTM4NjUwMzk=,sapper,/sveltejs/sapper,good first issue
MDEwOlJlcG9zaXRvcnkxMTM4NjUwMzk=,sapper,/sveltejs/sapper,invalid
MDEwOlJlcG9zaXRvcnkxMTM4NjUwMzk=,sapper,/sveltejs/sapper,question
MDEwOlJlcG9zaXRvcnkxMTM4NjUwMzk=,sapper,/sveltejs/sapper,wontfix
MDEwOlJlcG9zaXRvcnkxMTM4NjUwMzk=,sapper,/sveltejs/sapper,proposal
MDEwOlJlcG9zaXRvcnkxMTM4NjUwMzk=,sapper,/sveltejs/sapper,svelte
MDEwOlJlcG9zaXRvcnkxMTM4NjUwMzk=,sapper,/sveltejs/sapper,cannot reproduce
MDEwOlJlcG9zaXRvcnkxMTM4NjUwMzk=,sapper,/sveltejs/sapper,error handling
MDEwOlJlcG9zaXRvcnkxMTM4NjUwMzk=,sapper,/sveltejs/sapper,docs
MDEwOlJlcG9zaXRvcnkxMTM4NjUwMzk=,sapper,/sveltejs/sapper,pending clarification
MDEwOlJlcG9zaXRvcnkxMTM4NjUwMzk=,sapper,/sveltejs/sapper,internals
MDEwOlJlcG9zaXRvcnkxMTM4NjUwMzk=,sapper,/sveltejs/sapper,hydration
MDEwOlJlcG9zaXRvcnkxMTM4NjUwMzk=,sapper,/sveltejs/sapper,stale
MDEwOlJlcG9zaXRvcnkxMTM4NjUwMzk=,sapper,/sveltejs/sapper,site
MDEwOlJlcG9zaXRvcnkxMTM4NjUwMzk=,sapper,/sveltejs/sapper,breaking
MDEwOlJlcG9zaXRvcnkxMTM4NjUwMzk=,sapper,/sveltejs/sapper,needs repro
MDEwOlJlcG9zaXRvcnkxMTM4NjUwMzk=,sapper,/sveltejs/sapper,rendering
MDEwOlJlcG9zaXRvcnkxMTM4NjUwMzk=,sapper,/sveltejs/sapper,export
MDEwOlJlcG9zaXRvcnkxMTM4NjUwMzk=,sapper,/sveltejs/sapper,preload
MDEwOlJlcG9zaXRvcnkxMTM4NjUwMzk=,sapper,/sveltejs/sapper,routing
MDEwOlJlcG9zaXRvcnkxMTM4NjUwMzk=,sapper,/sveltejs/sapper,bundling
MDEwOlJlcG9zaXRvcnkxMTM4NjUwMzk=,sapper,/sveltejs/sapper,service worker
MDEwOlJlcG9zaXRvcnkxMTM4NjUwMzk=,sapper,/sveltejs/sapper,dependencies
MDEwOlJlcG9zaXRvcnkxMTM4NjUwMzk=,sapper,/sveltejs/sapper,has pr
MDEwOlJlcG9zaXRvcnkzODgzNTIxMw==,FirebaseUI-Android,/firebase/FirebaseUI-Android,type: bug
MDEwOlJlcG9zaXRvcnkzODgzNTIxMw==,FirebaseUI-Android,/firebase/FirebaseUI-Android,duplicate
MDEwOlJlcG9zaXRvcnkzODgzNTIxMw==,FirebaseUI-Android,/firebase/FirebaseUI-Android,type: feature request
MDEwOlJlcG9zaXRvcnkzODgzNTIxMw==,FirebaseUI-Android,/firebase/FirebaseUI-Android,fix-in-progress
MDEwOlJlcG9zaXRvcnkzODgzNTIxMw==,FirebaseUI-Android,/firebase/FirebaseUI-Android,fix-implemented
MDEwOlJlcG9zaXRvcnkzODgzNTIxMw==,FirebaseUI-Android,/firebase/FirebaseUI-Android,auth
MDEwOlJlcG9zaXRvcnkzODgzNTIxMw==,FirebaseUI-Android,/firebase/FirebaseUI-Android,docs
MDEwOlJlcG9zaXRvcnkzODgzNTIxMw==,FirebaseUI-Android,/firebase/FirebaseUI-Android,database
MDEwOlJlcG9zaXRvcnkzODgzNTIxMw==,FirebaseUI-Android,/firebase/FirebaseUI-Android,storage
MDEwOlJlcG9zaXRvcnkzODgzNTIxMw==,FirebaseUI-Android,/firebase/FirebaseUI-Android,sample
MDEwOlJlcG9zaXRvcnkzODgzNTIxMw==,FirebaseUI-Android,/firebase/FirebaseUI-Android,refactor
MDEwOlJlcG9zaXRvcnkzODgzNTIxMw==,FirebaseUI-Android,/firebase/FirebaseUI-Android,help-wanted
MDEwOlJlcG9zaXRvcnkzODgzNTIxMw==,FirebaseUI-Android,/firebase/FirebaseUI-Android,firestore
MDEwOlJlcG9zaXRvcnkzODgzNTIxMw==,FirebaseUI-Android,/firebase/FirebaseUI-Android,testing
MDEwOlJlcG9zaXRvcnkzODgzNTIxMw==,FirebaseUI-Android,/firebase/FirebaseUI-Android,internal
MDEwOlJlcG9zaXRvcnkzODgzNTIxMw==,FirebaseUI-Android,/firebase/FirebaseUI-Android,needs-info
MDEwOlJlcG9zaXRvcnkzODgzNTIxMw==,FirebaseUI-Android,/firebase/FirebaseUI-Android,needs-attention
MDEwOlJlcG9zaXRvcnkzODgzNTIxMw==,FirebaseUI-Android,/firebase/FirebaseUI-Android,stale
MDEwOlJlcG9zaXRvcnkzODgzNTIxMw==,FirebaseUI-Android,/firebase/FirebaseUI-Android,closed-by-bot
MDEwOlJlcG9zaXRvcnkzODgzNTIxMw==,FirebaseUI-Android,/firebase/FirebaseUI-Android,cla: yes
MDEwOlJlcG9zaXRvcnkzODgzNTIxMw==,FirebaseUI-Android,/firebase/FirebaseUI-Android,type: question
MDEwOlJlcG9zaXRvcnkzODgzNTIxMw==,FirebaseUI-Android,/firebase/FirebaseUI-Android,cla: no
MDEwOlJlcG9zaXRvcnkzODgzNTIxMw==,FirebaseUI-Android,/firebase/FirebaseUI-Android,requires-translations
MDEwOlJlcG9zaXRvcnkzODgzNTIxMw==,FirebaseUI-Android,/firebase/FirebaseUI-Android,internal-bug-filed
MDEwOlJlcG9zaXRvcnkzODgzNTIxMw==,FirebaseUI-Android,/firebase/FirebaseUI-Android,contact-support-instead
MDEwOlJlcG9zaXRvcnkzODgzNTIxMw==,FirebaseUI-Android,/firebase/FirebaseUI-Android,breaking
MDEwOlJlcG9zaXRvcnk2MjMwMTg=,koala,/arsduo/koala,bugs
MDEwOlJlcG9zaXRvcnk2MjMwMTg=,koala,/arsduo/koala,new features
MDEwOlJlcG9zaXRvcnk2MjMwMTg=,koala,/arsduo/koala,Facebook bugs
MDEwOlJlcG9zaXRvcnk2MjMwMTg=,koala,/arsduo/koala,Using Facebook
MDEwOlJlcG9zaXRvcnk2MjMwMTg=,koala,/arsduo/koala,Change Requested
MDEwOlJlcG9zaXRvcnk2MjMwMTg=,koala,/arsduo/koala,More Info Needed
MDEwOlJlcG9zaXRvcnk2MjMwMTg=,koala,/arsduo/koala,Pull request idea
MDEwOlJlcG9zaXRvcnk2MjMwMTg=,koala,/arsduo/koala,Refactors
MDEwOlJlcG9zaXRvcnk2MjMwMTg=,koala,/arsduo/koala,Documentation
MDEwOlJlcG9zaXRvcnk0ODEwNDA=,CodeIgniter-Ion-Auth,/benedmunds/CodeIgniter-Ion-Auth,mongodb
MDEwOlJlcG9zaXRvcnk0ODEwNDA=,CodeIgniter-Ion-Auth,/benedmunds/CodeIgniter-Ion-Auth,hmvc
MDEwOlJlcG9zaXRvcnk0ODEwNDA=,CodeIgniter-Ion-Auth,/benedmunds/CodeIgniter-Ion-Auth,0 - Backlog
MDEwOlJlcG9zaXRvcnk0ODEwNDA=,CodeIgniter-Ion-Auth,/benedmunds/CodeIgniter-Ion-Auth,1 - Ready
MDEwOlJlcG9zaXRvcnk0ODEwNDA=,CodeIgniter-Ion-Auth,/benedmunds/CodeIgniter-Ion-Auth,2 - Working
MDEwOlJlcG9zaXRvcnk0ODEwNDA=,CodeIgniter-Ion-Auth,/benedmunds/CodeIgniter-Ion-Auth,3 - Done
MDEwOlJlcG9zaXRvcnkxOTMxNjI2Mjk=,Rectangle,/rxhanson/Rectangle,bug
MDEwOlJlcG9zaXRvcnkxOTMxNjI2Mjk=,Rectangle,/rxhanson/Rectangle,documentation
MDEwOlJlcG9zaXRvcnkxOTMxNjI2Mjk=,Rectangle,/rxhanson/Rectangle,duplicate
MDEwOlJlcG9zaXRvcnkxOTMxNjI2Mjk=,Rectangle,/rxhanson/Rectangle,enhancement
MDEwOlJlcG9zaXRvcnkxOTMxNjI2Mjk=,Rectangle,/rxhanson/Rectangle,help wanted
MDEwOlJlcG9zaXRvcnkxOTMxNjI2Mjk=,Rectangle,/rxhanson/Rectangle,good first issue
MDEwOlJlcG9zaXRvcnkxOTMxNjI2Mjk=,Rectangle,/rxhanson/Rectangle,invalid
MDEwOlJlcG9zaXRvcnkxOTMxNjI2Mjk=,Rectangle,/rxhanson/Rectangle,question
MDEwOlJlcG9zaXRvcnkxOTMxNjI2Mjk=,Rectangle,/rxhanson/Rectangle,wontdo
MDEwOlJlcG9zaXRvcnkxOTMxNjI2Mjk=,Rectangle,/rxhanson/Rectangle,hacktoberfest-accepted
MDEwOlJlcG9zaXRvcnk1MjA3MTQ3MQ==,reactstrap,/reactstrap/reactstrap,bug
MDEwOlJlcG9zaXRvcnk1MjA3MTQ3MQ==,reactstrap,/reactstrap/reactstrap,duplicate
MDEwOlJlcG9zaXRvcnk1MjA3MTQ3MQ==,reactstrap,/reactstrap/reactstrap,enhancement
MDEwOlJlcG9zaXRvcnk1MjA3MTQ3MQ==,reactstrap,/reactstrap/reactstrap,help wanted
MDEwOlJlcG9zaXRvcnk1MjA3MTQ3MQ==,reactstrap,/reactstrap/reactstrap,invalid
MDEwOlJlcG9zaXRvcnk1MjA3MTQ3MQ==,reactstrap,/reactstrap/reactstrap,question
MDEwOlJlcG9zaXRvcnk1MjA3MTQ3MQ==,reactstrap,/reactstrap/reactstrap,not a bug/out of scope
MDEwOlJlcG9zaXRvcnk1MjA3MTQ3MQ==,reactstrap,/reactstrap/reactstrap,up-for-grabs
MDEwOlJlcG9zaXRvcnk1MjA3MTQ3MQ==,reactstrap,/reactstrap/reactstrap,in-progress
MDEwOlJlcG9zaXRvcnk1MjA3MTQ3MQ==,reactstrap,/reactstrap/reactstrap,needs example/more info
MDEwOlJlcG9zaXRvcnk1MjA3MTQ3MQ==,reactstrap,/reactstrap/reactstrap,docs
MDEwOlJlcG9zaXRvcnk1MjA3MTQ3MQ==,reactstrap,/reactstrap/reactstrap,Hacktoberfest
MDEwOlJlcG9zaXRvcnk1MjA3MTQ3MQ==,reactstrap,/reactstrap/reactstrap,PR Welcome
MDEwOlJlcG9zaXRvcnk1MjA3MTQ3MQ==,reactstrap,/reactstrap/reactstrap,a11y
MDEwOlJlcG9zaXRvcnk1MjA3MTQ3MQ==,reactstrap,/reactstrap/reactstrap,BS compatibility
MDEwOlJlcG9zaXRvcnk1MjA3MTQ3MQ==,reactstrap,/reactstrap/reactstrap,good first issue
MDEwOlJlcG9zaXRvcnk1MjA3MTQ3MQ==,reactstrap,/reactstrap/reactstrap,dependencies
MDEwOlJlcG9zaXRvcnk1MjA3MTQ3MQ==,reactstrap,/reactstrap/reactstrap,security
MDEwOlJlcG9zaXRvcnk1MjA3MTQ3MQ==,reactstrap,/reactstrap/reactstrap,waiting-for-response
MDEwOlJlcG9zaXRvcnk1MjA3MTQ3MQ==,reactstrap,/reactstrap/reactstrap,autorelease: pending
MDEwOlJlcG9zaXRvcnk1MjA3MTQ3MQ==,reactstrap,/reactstrap/reactstrap,autorelease: tagged
MDEwOlJlcG9zaXRvcnk0MzA1MTQyOQ==,security-guard,/symfony/security-guard,bug
MDEwOlJlcG9zaXRvcnk0MzA1MTQyOQ==,security-guard,/symfony/security-guard,duplicate
MDEwOlJlcG9zaXRvcnk0MzA1MTQyOQ==,security-guard,/symfony/security-guard,enhancement
MDEwOlJlcG9zaXRvcnk0MzA1MTQyOQ==,security-guard,/symfony/security-guard,help wanted
MDEwOlJlcG9zaXRvcnk0MzA1MTQyOQ==,security-guard,/symfony/security-guard,invalid
MDEwOlJlcG9zaXRvcnk0MzA1MTQyOQ==,security-guard,/symfony/security-guard,question
MDEwOlJlcG9zaXRvcnk0MzA1MTQyOQ==,security-guard,/symfony/security-guard,wontfix
MDEwOlJlcG9zaXRvcnkzMDUxNDQ3NDY=,tinygrad,/geohot/tinygrad,bug
MDEwOlJlcG9zaXRvcnkzMDUxNDQ3NDY=,tinygrad,/geohot/tinygrad,documentation
MDEwOlJlcG9zaXRvcnkzMDUxNDQ3NDY=,tinygrad,/geohot/tinygrad,duplicate
MDEwOlJlcG9zaXRvcnkzMDUxNDQ3NDY=,tinygrad,/geohot/tinygrad,enhancement
MDEwOlJlcG9zaXRvcnkzMDUxNDQ3NDY=,tinygrad,/geohot/tinygrad,help wanted
MDEwOlJlcG9zaXRvcnkzMDUxNDQ3NDY=,tinygrad,/geohot/tinygrad,good first issue
MDEwOlJlcG9zaXRvcnkzMDUxNDQ3NDY=,tinygrad,/geohot/tinygrad,invalid
MDEwOlJlcG9zaXRvcnkzMDUxNDQ3NDY=,tinygrad,/geohot/tinygrad,question
MDEwOlJlcG9zaXRvcnkzMDUxNDQ3NDY=,tinygrad,/geohot/tinygrad,wontfix
MDEwOlJlcG9zaXRvcnkzMDUxNDQ3NDY=,tinygrad,/geohot/tinygrad,example
MDEwOlJlcG9zaXRvcnk1OTg2ODI2Mg==,chalice,/aws/chalice,bug
MDEwOlJlcG9zaXRvcnk1OTg2ODI2Mg==,chalice,/aws/chalice,duplicate
MDEwOlJlcG9zaXRvcnk1OTg2ODI2Mg==,chalice,/aws/chalice,enhancement
MDEwOlJlcG9zaXRvcnk1OTg2ODI2Mg==,chalice,/aws/chalice,help wanted
MDEwOlJlcG9zaXRvcnk1OTg2ODI2Mg==,chalice,/aws/chalice,invalid
MDEwOlJlcG9zaXRvcnk1OTg2ODI2Mg==,chalice,/aws/chalice,question
MDEwOlJlcG9zaXRvcnk1OTg2ODI2Mg==,chalice,/aws/chalice,wontfix
MDEwOlJlcG9zaXRvcnk1OTg2ODI2Mg==,chalice,/aws/chalice,feature-request
MDEwOlJlcG9zaXRvcnk1OTg2ODI2Mg==,chalice,/aws/chalice,closing-soon-if-no-response
MDEwOlJlcG9zaXRvcnk1OTg2ODI2Mg==,chalice,/aws/chalice,documentation
MDEwOlJlcG9zaXRvcnk1OTg2ODI2Mg==,chalice,/aws/chalice,cant-fix
MDEwOlJlcG9zaXRvcnk1OTg2ODI2Mg==,chalice,/aws/chalice,response-requested
MDEwOlJlcG9zaXRvcnk1OTg2ODI2Mg==,chalice,/aws/chalice,changes-requested
MDEwOlJlcG9zaXRvcnk1OTg2ODI2Mg==,chalice,/aws/chalice,accepted
MDEwOlJlcG9zaXRvcnk1OTg2ODI2Mg==,chalice,/aws/chalice,out-of-scope
MDEwOlJlcG9zaXRvcnk1OTg2ODI2Mg==,chalice,/aws/chalice,needs-discussion
MDEwOlJlcG9zaXRvcnk1OTg2ODI2Mg==,chalice,/aws/chalice,needs-repro
MDEwOlJlcG9zaXRvcnk1OTg2ODI2Mg==,chalice,/aws/chalice,proposals
MDEwOlJlcG9zaXRvcnk1OTg2ODI2Mg==,chalice,/aws/chalice,confusing-error
MDEwOlJlcG9zaXRvcnk1OTg2ODI2Mg==,chalice,/aws/chalice,investigating
MDEwOlJlcG9zaXRvcnk1OTg2ODI2Mg==,chalice,/aws/chalice,needs-tests
MDEwOlJlcG9zaXRvcnk1OTg2ODI2Mg==,chalice,/aws/chalice,needs-review
MDEwOlJlcG9zaXRvcnk1OTg2ODI2Mg==,chalice,/aws/chalice,small
MDEwOlJlcG9zaXRvcnk1OTg2ODI2Mg==,chalice,/aws/chalice,medium
MDEwOlJlcG9zaXRvcnk1OTg2ODI2Mg==,chalice,/aws/chalice,large
MDEwOlJlcG9zaXRvcnk1OTg2ODI2Mg==,chalice,/aws/chalice,dependency-issue
MDEwOlJlcG9zaXRvcnk1OTg2ODI2Mg==,chalice,/aws/chalice,v2
MDEwOlJlcG9zaXRvcnk4MjA1NjAy,mybatis-3,/mybatis/mybatis-3,bug
MDEwOlJlcG9zaXRvcnk4MjA1NjAy,mybatis-3,/mybatis/mybatis-3,duplicate
MDEwOlJlcG9zaXRvcnk4MjA1NjAy,mybatis-3,/mybatis/mybatis-3,enhancement
MDEwOlJlcG9zaXRvcnk4MjA1NjAy,mybatis-3,/mybatis/mybatis-3,invalid
MDEwOlJlcG9zaXRvcnk4MjA1NjAy,mybatis-3,/mybatis/mybatis-3,question
MDEwOlJlcG9zaXRvcnk4MjA1NjAy,mybatis-3,/mybatis/mybatis-3,wontfix
MDEwOlJlcG9zaXRvcnk4MjA1NjAy,mybatis-3,/mybatis/mybatis-3,documentation
MDEwOlJlcG9zaXRvcnk4MjA1NjAy,mybatis-3,/mybatis/mybatis-3,ready
MDEwOlJlcG9zaXRvcnk4MjA1NjAy,mybatis-3,/mybatis/mybatis-3,in progress
MDEwOlJlcG9zaXRvcnk4MjA1NjAy,mybatis-3,/mybatis/mybatis-3,waiting for feedback
MDEwOlJlcG9zaXRvcnk4MjA1NjAy,mybatis-3,/mybatis/mybatis-3,bug on dependency library
MDEwOlJlcG9zaXRvcnk4MjA1NjAy,mybatis-3,/mybatis/mybatis-3,no backward compatibility
MDEwOlJlcG9zaXRvcnk4MjA1NjAy,mybatis-3,/mybatis/mybatis-3,security
MDEwOlJlcG9zaXRvcnk4MjA1NjAy,mybatis-3,/mybatis/mybatis-3,polishing
MDEwOlJlcG9zaXRvcnk4MjA1NjAy,mybatis-3,/mybatis/mybatis-3,good first issue
MDEwOlJlcG9zaXRvcnk4MjA1NjAy,mybatis-3,/mybatis/mybatis-3,dependencies
MDEwOlJlcG9zaXRvcnk3ODk1NTI0,oauth2-client,/thephpleague/oauth2-client,bug
MDEwOlJlcG9zaXRvcnk3ODk1NTI0,oauth2-client,/thephpleague/oauth2-client,duplicate
MDEwOlJlcG9zaXRvcnk3ODk1NTI0,oauth2-client,/thephpleague/oauth2-client,enhancement
MDEwOlJlcG9zaXRvcnk3ODk1NTI0,oauth2-client,/thephpleague/oauth2-client,invalid
MDEwOlJlcG9zaXRvcnk3ODk1NTI0,oauth2-client,/thephpleague/oauth2-client,question
MDEwOlJlcG9zaXRvcnk3ODk1NTI0,oauth2-client,/thephpleague/oauth2-client,wontfix
MDEwOlJlcG9zaXRvcnk3ODk1NTI0,oauth2-client,/thephpleague/oauth2-client,docs
MDEwOlJlcG9zaXRvcnk3ODk1NTI0,oauth2-client,/thephpleague/oauth2-client,dependencies
MDEwOlJlcG9zaXRvcnk3ODk1NTI0,oauth2-client,/thephpleague/oauth2-client,help-wanted
MDEwOlJlcG9zaXRvcnk3ODk1NTI0,oauth2-client,/thephpleague/oauth2-client,ruby
MDEwOlJlcG9zaXRvcnkyMTMzMzIzMg==,node-ytdl-core,/fent/node-ytdl-core,bug
MDEwOlJlcG9zaXRvcnkyMTMzMzIzMg==,node-ytdl-core,/fent/node-ytdl-core,duplicate
MDEwOlJlcG9zaXRvcnkyMTMzMzIzMg==,node-ytdl-core,/fent/node-ytdl-core,feature
MDEwOlJlcG9zaXRvcnkyMTMzMzIzMg==,node-ytdl-core,/fent/node-ytdl-core,help wanted
MDEwOlJlcG9zaXRvcnkyMTMzMzIzMg==,node-ytdl-core,/fent/node-ytdl-core,invalid
MDEwOlJlcG9zaXRvcnkyMTMzMzIzMg==,node-ytdl-core,/fent/node-ytdl-core,question
MDEwOlJlcG9zaXRvcnkyMTMzMzIzMg==,node-ytdl-core,/fent/node-ytdl-core,wontfix
MDEwOlJlcG9zaXRvcnkyMTMzMzIzMg==,node-ytdl-core,/fent/node-ytdl-core,not a bug
MDEwOlJlcG9zaXRvcnkyMTMzMzIzMg==,node-ytdl-core,/fent/node-ytdl-core,maintenance
MDEwOlJlcG9zaXRvcnkyMTMzMzIzMg==,node-ytdl-core,/fent/node-ytdl-core,support
MDEwOlJlcG9zaXRvcnkyMTMzMzIzMg==,node-ytdl-core,/fent/node-ytdl-core,stale
MDEwOlJlcG9zaXRvcnkyMTMzMzIzMg==,node-ytdl-core,/fent/node-ytdl-core,awaiting response
MDEwOlJlcG9zaXRvcnkyMTMzMzIzMg==,node-ytdl-core,/fent/node-ytdl-core,needs more info
MDEwOlJlcG9zaXRvcnkyMTMzMzIzMg==,node-ytdl-core,/fent/node-ytdl-core,minor addition
MDEwOlJlcG9zaXRvcnkyMTMzMzIzMg==,node-ytdl-core,/fent/node-ytdl-core,docs
MDEwOlJlcG9zaXRvcnkyMTMzMzIzMg==,node-ytdl-core,/fent/node-ytdl-core,old version
MDEwOlJlcG9zaXRvcnkyMTMzMzIzMg==,node-ytdl-core,/fent/node-ytdl-core,dependencies
MDEwOlJlcG9zaXRvcnkyMTMzMzIzMg==,node-ytdl-core,/fent/node-ytdl-core,security
MDEwOlJlcG9zaXRvcnkyMTMzMzIzMg==,node-ytdl-core,/fent/node-ytdl-core,:dollar: Funded on Issuehunt
MDEwOlJlcG9zaXRvcnkyMTMzMzIzMg==,node-ytdl-core,/fent/node-ytdl-core,:gift: Rewarded on Issuehunt
MDEwOlJlcG9zaXRvcnkyMTMzMzIzMg==,node-ytdl-core,/fent/node-ytdl-core,it fixed itself
MDEwOlJlcG9zaXRvcnkyMTMzMzIzMg==,node-ytdl-core,/fent/node-ytdl-core,depfu
MDEwOlJlcG9zaXRvcnkyMTMzMzIzMg==,node-ytdl-core,/fent/node-ytdl-core,discussion
MDEwOlJlcG9zaXRvcnkyMTMzMzIzMg==,node-ytdl-core,/fent/node-ytdl-core,out of scope
MDEwOlJlcG9zaXRvcnkyMTMzMzIzMg==,node-ytdl-core,/fent/node-ytdl-core,released
MDEwOlJlcG9zaXRvcnkxMjA1NzUxMTQ=,thanks,/feross/thanks,bug
MDEwOlJlcG9zaXRvcnkxMjA1NzUxMTQ=,thanks,/feross/thanks,duplicate
MDEwOlJlcG9zaXRvcnkxMjA1NzUxMTQ=,thanks,/feross/thanks,enhancement
MDEwOlJlcG9zaXRvcnkxMjA1NzUxMTQ=,thanks,/feross/thanks,help wanted
MDEwOlJlcG9zaXRvcnkxMjA1NzUxMTQ=,thanks,/feross/thanks,good first issue
MDEwOlJlcG9zaXRvcnkxMjA1NzUxMTQ=,thanks,/feross/thanks,invalid
MDEwOlJlcG9zaXRvcnkxMjA1NzUxMTQ=,thanks,/feross/thanks,question
MDEwOlJlcG9zaXRvcnkxMjA1NzUxMTQ=,thanks,/feross/thanks,wontfix
MDEwOlJlcG9zaXRvcnkxMjA1NzUxMTQ=,thanks,/feross/thanks,greenkeeper
MDEwOlJlcG9zaXRvcnkxMTczNTYyMzE=,hyperfine,/sharkdp/hyperfine,bug
MDEwOlJlcG9zaXRvcnkxMTczNTYyMzE=,hyperfine,/sharkdp/hyperfine,feature-request
MDEwOlJlcG9zaXRvcnkxMTczNTYyMzE=,hyperfine,/sharkdp/hyperfine,help wanted
MDEwOlJlcG9zaXRvcnkxMTczNTYyMzE=,hyperfine,/sharkdp/hyperfine,good first issue
MDEwOlJlcG9zaXRvcnkxMTczNTYyMzE=,hyperfine,/sharkdp/hyperfine,question
MDEwOlJlcG9zaXRvcnkxMTczNTYyMzE=,hyperfine,/sharkdp/hyperfine,documentation
MDEwOlJlcG9zaXRvcnkxMTczNTYyMzE=,hyperfine,/sharkdp/hyperfine,dependencies
MDEwOlJlcG9zaXRvcnkxMTczNTYyMzE=,hyperfine,/sharkdp/hyperfine,windows
MDEwOlJlcG9zaXRvcnkxMTczNTYyMzE=,hyperfine,/sharkdp/hyperfine,packaging/tooling
MDEwOlJlcG9zaXRvcnkxMTczNTYyMzE=,hyperfine,/sharkdp/hyperfine,needs-work
MDEwOlJlcG9zaXRvcnkxMTczNTYyMzE=,hyperfine,/sharkdp/hyperfine,duplicate
MDEwOlJlcG9zaXRvcnkzNjc0NDU5,jQuery-Mask-Plugin,/igorescobar/jQuery-Mask-Plugin,bug
MDEwOlJlcG9zaXRvcnkzNjc0NDU5,jQuery-Mask-Plugin,/igorescobar/jQuery-Mask-Plugin,duplicate
MDEwOlJlcG9zaXRvcnkzNjc0NDU5,jQuery-Mask-Plugin,/igorescobar/jQuery-Mask-Plugin,enhancement
MDEwOlJlcG9zaXRvcnkzNjc0NDU5,jQuery-Mask-Plugin,/igorescobar/jQuery-Mask-Plugin,invalid
MDEwOlJlcG9zaXRvcnkzNjc0NDU5,jQuery-Mask-Plugin,/igorescobar/jQuery-Mask-Plugin,question
MDEwOlJlcG9zaXRvcnkzNjc0NDU5,jQuery-Mask-Plugin,/igorescobar/jQuery-Mask-Plugin,wontfix
MDEwOlJlcG9zaXRvcnkzNjc0NDU5,jQuery-Mask-Plugin,/igorescobar/jQuery-Mask-Plugin,minor-bug
MDEwOlJlcG9zaXRvcnkzNjc0NDU5,jQuery-Mask-Plugin,/igorescobar/jQuery-Mask-Plugin,dependencies
MDEwOlJlcG9zaXRvcnkyMzk1MzUzMQ==,androguard,/androguard/androguard,bug
MDEwOlJlcG9zaXRvcnkyMzk1MzUzMQ==,androguard,/androguard/androguard,duplicate
MDEwOlJlcG9zaXRvcnkyMzk1MzUzMQ==,androguard,/androguard/androguard,enhancement
MDEwOlJlcG9zaXRvcnkyMzk1MzUzMQ==,androguard,/androguard/androguard,help wanted
MDEwOlJlcG9zaXRvcnkyMzk1MzUzMQ==,androguard,/androguard/androguard,invalid
MDEwOlJlcG9zaXRvcnkyMzk1MzUzMQ==,androguard,/androguard/androguard,question
MDEwOlJlcG9zaXRvcnkyMzk1MzUzMQ==,androguard,/androguard/androguard,wontfix
MDEwOlJlcG9zaXRvcnkyMzk1MzUzMQ==,androguard,/androguard/androguard,documentation
MDEwOlJlcG9zaXRvcnkyMzk1MzUzMQ==,androguard,/androguard/androguard,release
MDEwOlJlcG9zaXRvcnkyMzk1MzUzMQ==,androguard,/androguard/androguard,patch available
MDEwOlJlcG9zaXRvcnkyMzk1MzUzMQ==,androguard,/androguard/androguard,unconfirmed
MDEwOlJlcG9zaXRvcnkyMzk1MzUzMQ==,androguard,/androguard/androguard,refactor
MDEwOlJlcG9zaXRvcnkyMzk1MzUzMQ==,androguard,/androguard/androguard,decompiler
MDEwOlJlcG9zaXRvcnkyMzk1MzUzMQ==,androguard,/androguard/androguard,python2.x
MDEwOlJlcG9zaXRvcnkyMzk1MzUzMQ==,androguard,/androguard/androguard,python3.x
MDEwOlJlcG9zaXRvcnkyMzk1MzUzMQ==,androguard,/androguard/androguard,AXML
MDEwOlJlcG9zaXRvcnkyMzk1MzUzMQ==,androguard,/androguard/androguard,not ready
MDEwOlJlcG9zaXRvcnkyMzk1MzUzMQ==,androguard,/androguard/androguard,DEX Parser
MDEwOlJlcG9zaXRvcnkyMzk1MzUzMQ==,androguard,/androguard/androguard,python pypy
MDEwOlJlcG9zaXRvcnkyMzk1MzUzMQ==,androguard,/androguard/androguard,low hanging fruits
MDEwOlJlcG9zaXRvcnkyMzk1MzUzMQ==,androguard,/androguard/androguard,testing
MDEwOlJlcG9zaXRvcnkyMzk1MzUzMQ==,androguard,/androguard/androguard,blocked
MDEwOlJlcG9zaXRvcnkyMzk1MzUzMQ==,androguard,/androguard/androguard,library
MDEwOlJlcG9zaXRvcnkyMzk1MzUzMQ==,androguard,/androguard/androguard,concept
MDEwOlJlcG9zaXRvcnkyMzk1MzUzMQ==,androguard,/androguard/androguard,WIP
MDEwOlJlcG9zaXRvcnkyMzk1MzUzMQ==,androguard,/androguard/androguard,resurrect-functions
MDEwOlJlcG9zaXRvcnkyMzk1MzUzMQ==,androguard,/androguard/androguard,gui
MDEwOlJlcG9zaXRvcnkyMzk1MzUzMQ==,androguard,/androguard/androguard,broken file
MDEwOlJlcG9zaXRvcnkyMzk1MzUzMQ==,androguard,/androguard/androguard,optimization
MDEwOlJlcG9zaXRvcnk5NTc5ODQ0MQ==,colorls,/athityakumar/colorls,bug
MDEwOlJlcG9zaXRvcnk5NTc5ODQ0MQ==,colorls,/athityakumar/colorls,duplicate
MDEwOlJlcG9zaXRvcnk5NTc5ODQ0MQ==,colorls,/athityakumar/colorls,enhancement
MDEwOlJlcG9zaXRvcnk5NTc5ODQ0MQ==,colorls,/athityakumar/colorls,help wanted
MDEwOlJlcG9zaXRvcnk5NTc5ODQ0MQ==,colorls,/athityakumar/colorls,invalid
MDEwOlJlcG9zaXRvcnk5NTc5ODQ0MQ==,colorls,/athityakumar/colorls,question
MDEwOlJlcG9zaXRvcnk5NTc5ODQ0MQ==,colorls,/athityakumar/colorls,wontfix
MDEwOlJlcG9zaXRvcnk5NTc5ODQ0MQ==,colorls,/athityakumar/colorls,Language:Ruby
MDEwOlJlcG9zaXRvcnk5NTc5ODQ0MQ==,colorls,/athityakumar/colorls,Language:Bash
MDEwOlJlcG9zaXRvcnk5NTc5ODQ0MQ==,colorls,/athityakumar/colorls,Flag
MDEwOlJlcG9zaXRvcnk5NTc5ODQ0MQ==,colorls,/athityakumar/colorls,Installation
MDEwOlJlcG9zaXRvcnk5NTc5ODQ0MQ==,colorls,/athityakumar/colorls,Documentation
MDEwOlJlcG9zaXRvcnk5NTc5ODQ0MQ==,colorls,/athityakumar/colorls,Usage
MDEwOlJlcG9zaXRvcnk5NTc5ODQ0MQ==,colorls,/athityakumar/colorls,Hacktoberfest
MDEwOlJlcG9zaXRvcnk5NTc5ODQ0MQ==,colorls,/athityakumar/colorls,KWoC
MDEwOlJlcG9zaXRvcnk5NTc5ODQ0MQ==,colorls,/athityakumar/colorls,review
MDEwOlJlcG9zaXRvcnk5NTc5ODQ0MQ==,colorls,/athityakumar/colorls,next
MDEwOlJlcG9zaXRvcnk5NTc5ODQ0MQ==,colorls,/athityakumar/colorls,dependencies
MDEwOlJlcG9zaXRvcnkxMDk1MTQ4NDA=,commandline,/commandlineparser/commandline,bug
MDEwOlJlcG9zaXRvcnkxMDk1MTQ4NDA=,commandline,/commandlineparser/commandline,duplicate
MDEwOlJlcG9zaXRvcnkxMDk1MTQ4NDA=,commandline,/commandlineparser/commandline,enhancement
MDEwOlJlcG9zaXRvcnkxMDk1MTQ4NDA=,commandline,/commandlineparser/commandline,help wanted
MDEwOlJlcG9zaXRvcnkxMDk1MTQ4NDA=,commandline,/commandlineparser/commandline,good first issue
MDEwOlJlcG9zaXRvcnkxMDk1MTQ4NDA=,commandline,/commandlineparser/commandline,invalid
MDEwOlJlcG9zaXRvcnkxMDk1MTQ4NDA=,commandline,/commandlineparser/commandline,question
MDEwOlJlcG9zaXRvcnkxMDk1MTQ4NDA=,commandline,/commandlineparser/commandline,wontfix
MDEwOlJlcG9zaXRvcnkxMDk1MTQ4NDA=,commandline,/commandlineparser/commandline,requires-deepening
MDEwOlJlcG9zaXRvcnkxMDk1MTQ4NDA=,commandline,/commandlineparser/commandline,announcement
MDEwOlJlcG9zaXRvcnkxMDk1MTQ4NDA=,commandline,/commandlineparser/commandline,refactoring
MDEwOlJlcG9zaXRvcnkxMDk1MTQ4NDA=,commandline,/commandlineparser/commandline,postponed-after-issue-250-close_temp-label
MDEwOlJlcG9zaXRvcnkxMDk1MTQ4NDA=,commandline,/commandlineparser/commandline,priority
MDEwOlJlcG9zaXRvcnkxMDk1MTQ4NDA=,commandline,/commandlineparser/commandline,behaviour-change-request
MDEwOlJlcG9zaXRvcnkxMDk1MTQ4NDA=,commandline,/commandlineparser/commandline,wiki-inaccuracy
MDEwOlJlcG9zaXRvcnkxMDk1MTQ4NDA=,commandline,/commandlineparser/commandline,awaiting response
MDEwOlJlcG9zaXRvcnkxMDk1MTQ4NDA=,commandline,/commandlineparser/commandline,on-hold
MDEwOlJlcG9zaXRvcnkxMDk1MTQ4NDA=,commandline,/commandlineparser/commandline,merge-pending
MDEwOlJlcG9zaXRvcnkxMDk1MTQ4NDA=,commandline,/commandlineparser/commandline,implemented
MDEwOlJlcG9zaXRvcnkxMDk1MTQ4NDA=,commandline,/commandlineparser/commandline,documentation
MDEwOlJlcG9zaXRvcnkxMDk1MTQ4NDA=,commandline,/commandlineparser/commandline,feature request
MDEwOlJlcG9zaXRvcnkxMDk1MTQ4NDA=,commandline,/commandlineparser/commandline,breaking change
MDEwOlJlcG9zaXRvcnkxMDk1MTQ4NDA=,commandline,/commandlineparser/commandline,approved to merge
MDEwOlJlcG9zaXRvcnkxMDk1MTQ4NDA=,commandline,/commandlineparser/commandline,Area: Immutable
MDEwOlJlcG9zaXRvcnkxMDk1MTQ4NDA=,commandline,/commandlineparser/commandline,Area: UnParser
MDEwOlJlcG9zaXRvcnkzNjE4Njg2,wavesurfer.js,/katspaugh/wavesurfer.js,bug
MDEwOlJlcG9zaXRvcnkzNjE4Njg2,wavesurfer.js,/katspaugh/wavesurfer.js,duplicate
MDEwOlJlcG9zaXRvcnkzNjE4Njg2,wavesurfer.js,/katspaugh/wavesurfer.js,enhancement
MDEwOlJlcG9zaXRvcnkzNjE4Njg2,wavesurfer.js,/katspaugh/wavesurfer.js,invalid
MDEwOlJlcG9zaXRvcnkzNjE4Njg2,wavesurfer.js,/katspaugh/wavesurfer.js,question
MDEwOlJlcG9zaXRvcnkzNjE4Njg2,wavesurfer.js,/katspaugh/wavesurfer.js,wontfix
MDEwOlJlcG9zaXRvcnkzNjE4Njg2,wavesurfer.js,/katspaugh/wavesurfer.js,plugins
MDEwOlJlcG9zaXRvcnkzNjE4Njg2,wavesurfer.js,/katspaugh/wavesurfer.js,needs-update
MDEwOlJlcG9zaXRvcnkzNjE4Njg2,wavesurfer.js,/katspaugh/wavesurfer.js,bounty
MDEwOlJlcG9zaXRvcnkzNjE4Njg2,wavesurfer.js,/katspaugh/wavesurfer.js,performance
MDEwOlJlcG9zaXRvcnkzNjE4Njg2,wavesurfer.js,/katspaugh/wavesurfer.js,v1
MDEwOlJlcG9zaXRvcnkzNjE4Njg2,wavesurfer.js,/katspaugh/wavesurfer.js,integrations
MDEwOlJlcG9zaXRvcnkzNjE4Njg2,wavesurfer.js,/katspaugh/wavesurfer.js,PR open
MDEwOlJlcG9zaXRvcnkzNjE4Njg2,wavesurfer.js,/katspaugh/wavesurfer.js,browser-issue
MDEwOlJlcG9zaXRvcnkzNjE4Njg2,wavesurfer.js,/katspaugh/wavesurfer.js,documentation
MDEwOlJlcG9zaXRvcnkzNjE4Njg2,wavesurfer.js,/katspaugh/wavesurfer.js,help-needed
MDEwOlJlcG9zaXRvcnkzNjE4Njg2,wavesurfer.js,/katspaugh/wavesurfer.js,tests
MDEwOlJlcG9zaXRvcnkzNjE4Njg2,wavesurfer.js,/katspaugh/wavesurfer.js,safari-issue
MDEwOlJlcG9zaXRvcnkzNjE4Njg2,wavesurfer.js,/katspaugh/wavesurfer.js,website
MDEwOlJlcG9zaXRvcnkzNjE4Njg2,wavesurfer.js,/katspaugh/wavesurfer.js,work-in-progress
MDEwOlJlcG9zaXRvcnkzNjE4Njg2,wavesurfer.js,/katspaugh/wavesurfer.js,release
MDEwOlJlcG9zaXRvcnkzNjE4Njg2,wavesurfer.js,/katspaugh/wavesurfer.js,examples
MDEwOlJlcG9zaXRvcnkzNjE4Njg2,wavesurfer.js,/katspaugh/wavesurfer.js,typescript
MDEwOlJlcG9zaXRvcnkzNjE4Njg2,wavesurfer.js,/katspaugh/wavesurfer.js,ci
MDEwOlJlcG9zaXRvcnkzNjE4Njg2,wavesurfer.js,/katspaugh/wavesurfer.js,build
MDEwOlJlcG9zaXRvcnkzNjE4Njg2,wavesurfer.js,/katspaugh/wavesurfer.js,webaudio
MDEwOlJlcG9zaXRvcnkzNjE4Njg2,wavesurfer.js,/katspaugh/wavesurfer.js,ios
MDEwOlJlcG9zaXRvcnkzNjE4Njg2,wavesurfer.js,/katspaugh/wavesurfer.js,android
MDEwOlJlcG9zaXRvcnkzNjE4Njg2,wavesurfer.js,/katspaugh/wavesurfer.js,Accessibility
MDEwOlJlcG9zaXRvcnkzNjE4Njg2,wavesurfer.js,/katspaugh/wavesurfer.js,docs
MDEwOlJlcG9zaXRvcnkzNjg3NDg5,sigma.js,/jacomyal/sigma.js,bug
MDEwOlJlcG9zaXRvcnkzNjg3NDg5,sigma.js,/jacomyal/sigma.js,enhancement
MDEwOlJlcG9zaXRvcnkzNjg3NDg5,sigma.js,/jacomyal/sigma.js,question / misc
MDEwOlJlcG9zaXRvcnkzNjg3NDg5,sigma.js,/jacomyal/sigma.js,wontfix
MDEwOlJlcG9zaXRvcnkzNjg3NDg5,sigma.js,/jacomyal/sigma.js,reviewed
MDEwOlJlcG9zaXRvcnkzNjg3NDg5,sigma.js,/jacomyal/sigma.js,v2
MDEwOlJlcG9zaXRvcnkzNjg3NDg5,sigma.js,/jacomyal/sigma.js,pinned
MDEwOlJlcG9zaXRvcnkzNjg3NDg5,sigma.js,/jacomyal/sigma.js,website
MDEwOlJlcG9zaXRvcnk2NTc5NDI5Mg==,styled-components,/styled-components/styled-components,bug ðŸ›
MDEwOlJlcG9zaXRvcnk2NTc5NDI5Mg==,styled-components,/styled-components/styled-components,enhancement âœ¨
MDEwOlJlcG9zaXRvcnk2NTc5NDI5Mg==,styled-components,/styled-components/styled-components,help wanted ðŸ†˜
MDEwOlJlcG9zaXRvcnk2NTc5NDI5Mg==,styled-components,/styled-components/styled-components,good first issue :octocat:
MDEwOlJlcG9zaXRvcnk2NTc5NDI5Mg==,styled-components,/styled-components/styled-components,needs more info âœ‹
MDEwOlJlcG9zaXRvcnk2NTc5NDI5Mg==,styled-components,/styled-components/styled-components,RFC ðŸ’¡
MDEwOlJlcG9zaXRvcnk2NTc5NDI5Mg==,styled-components,/styled-components/styled-components,6.0
MDEwOlJlcG9zaXRvcnk2NTc5NDI5Mg==,styled-components,/styled-components/styled-components,question
MDEwOlJlcG9zaXRvcnkxNzAzMjY5Mjk=,Awesome-Design-Tools,/goabstract/Awesome-Design-Tools,bug
MDEwOlJlcG9zaXRvcnkxNzAzMjY5Mjk=,Awesome-Design-Tools,/goabstract/Awesome-Design-Tools,duplicate
MDEwOlJlcG9zaXRvcnkxNzAzMjY5Mjk=,Awesome-Design-Tools,/goabstract/Awesome-Design-Tools,enhancement
MDEwOlJlcG9zaXRvcnkxNzAzMjY5Mjk=,Awesome-Design-Tools,/goabstract/Awesome-Design-Tools,help wanted
MDEwOlJlcG9zaXRvcnkxNzAzMjY5Mjk=,Awesome-Design-Tools,/goabstract/Awesome-Design-Tools,good first issue
MDEwOlJlcG9zaXRvcnkxNzAzMjY5Mjk=,Awesome-Design-Tools,/goabstract/Awesome-Design-Tools,invalid
MDEwOlJlcG9zaXRvcnkxNzAzMjY5Mjk=,Awesome-Design-Tools,/goabstract/Awesome-Design-Tools,question
MDEwOlJlcG9zaXRvcnkxNzAzMjY5Mjk=,Awesome-Design-Tools,/goabstract/Awesome-Design-Tools,wontfix
MDEwOlJlcG9zaXRvcnkxNzAzMjY5Mjk=,Awesome-Design-Tools,/goabstract/Awesome-Design-Tools,dependencies
MDEwOlJlcG9zaXRvcnk5MTg1Nzky,echarts,/apache/echarts,bug
MDEwOlJlcG9zaXRvcnk5MTg1Nzky,echarts,/apache/echarts,enhancement
MDEwOlJlcG9zaXRvcnk5MTg1Nzky,echarts,/apache/echarts,support
MDEwOlJlcG9zaXRvcnk5MTg1Nzky,echarts,/apache/echarts,new-feature
MDEwOlJlcG9zaXRvcnk5MTg1Nzky,echarts,/apache/echarts,pending
MDEwOlJlcG9zaXRvcnk5MTg1Nzky,echarts,/apache/echarts,SVG
MDEwOlJlcG9zaXRvcnk5MTg1Nzky,echarts,/apache/echarts,doc
MDEwOlJlcG9zaXRvcnk5MTg1Nzky,echarts,/apache/echarts,gl
MDEwOlJlcG9zaXRvcnk5MTg1Nzky,echarts,/apache/echarts,priority: high
MDEwOlJlcG9zaXRvcnk5MTg1Nzky,echarts,/apache/echarts,missing-demo
MDEwOlJlcG9zaXRvcnk5MTg1Nzky,echarts,/apache/echarts,cannot-reproduce
MDEwOlJlcG9zaXRvcnk5MTg1Nzky,echarts,/apache/echarts,duplicate
MDEwOlJlcG9zaXRvcnk5MTg1Nzky,echarts,/apache/echarts,not-related
MDEwOlJlcG9zaXRvcnk5MTg1Nzky,echarts,/apache/echarts,compatibility
MDEwOlJlcG9zaXRvcnk5MTg1Nzky,echarts,/apache/echarts,en
MDEwOlJlcG9zaXRvcnk5MTg1Nzky,echarts,/apache/echarts,topic: tooltip
MDEwOlJlcG9zaXRvcnk5MTg1Nzky,echarts,/apache/echarts,topic: event
MDEwOlJlcG9zaXRvcnk5MTg1Nzky,echarts,/apache/echarts,topic: map
MDEwOlJlcG9zaXRvcnk5MTg1Nzky,echarts,/apache/echarts,topic: treemap
MDEwOlJlcG9zaXRvcnk5MTg1Nzky,echarts,/apache/echarts,topic: tree
MDEwOlJlcG9zaXRvcnk5MTg1Nzky,echarts,/apache/echarts,topic: graph
MDEwOlJlcG9zaXRvcnk5MTg1Nzky,echarts,/apache/echarts,performance
MDEwOlJlcG9zaXRvcnk5MTg1Nzky,echarts,/apache/echarts,topic: legend
MDEwOlJlcG9zaXRvcnk5MTg1Nzky,echarts,/apache/echarts,third-party
MDEwOlJlcG9zaXRvcnk5MTg1Nzky,echarts,/apache/echarts,resolved
MDEwOlJlcG9zaXRvcnk5MTg1Nzky,echarts,/apache/echarts,wontfix
MDEwOlJlcG9zaXRvcnk5MTg1Nzky,echarts,/apache/echarts,typescript
MDEwOlJlcG9zaXRvcnk5MTg1Nzky,echarts,/apache/echarts,mobile
MDEwOlJlcG9zaXRvcnk5MTg1Nzky,echarts,/apache/echarts,howto
MDEwOlJlcG9zaXRvcnk5MTg1Nzky,echarts,/apache/echarts,inactive
MDEwOlJlcG9zaXRvcnk5MTg1Nzky,echarts,/apache/echarts,topic: dataZoom
MDEwOlJlcG9zaXRvcnk5MTg1Nzky,echarts,/apache/echarts,topic: stack
MDEwOlJlcG9zaXRvcnk5MTg1Nzky,echarts,/apache/echarts,priority: low
MDEwOlJlcG9zaXRvcnk5MTg1Nzky,echarts,/apache/echarts,stale
MDEwOlJlcG9zaXRvcnk5MTg1Nzky,echarts,/apache/echarts,website
MDEwOlJlcG9zaXRvcnk5MTg1Nzky,echarts,/apache/echarts,topic: brush
MDEwOlJlcG9zaXRvcnk5MTg1Nzky,echarts,/apache/echarts,topic: sankey
MDEwOlJlcG9zaXRvcnk5MTg1Nzky,echarts,/apache/echarts,topic: themeRiver
MDEwOlJlcG9zaXRvcnk5MTg1Nzky,echarts,/apache/echarts,topic: dataset
MDEwOlJlcG9zaXRvcnk5MTg1Nzky,echarts,/apache/echarts,topic: gauge
MDEwOlJlcG9zaXRvcnk5MTg1Nzky,echarts,/apache/echarts,difficulty: easy
MDEwOlJlcG9zaXRvcnk5MTg1Nzky,echarts,/apache/echarts,priority: normal
MDEwOlJlcG9zaXRvcnk5MTg1Nzky,echarts,/apache/echarts,difficulty: normal
MDEwOlJlcG9zaXRvcnk5MTg1Nzky,echarts,/apache/echarts,difficulty: hard
MDEwOlJlcG9zaXRvcnk5MTg1Nzky,echarts,/apache/echarts,not-a-bug
MDEwOlJlcG9zaXRvcnk5MTg1Nzky,echarts,/apache/echarts,PR: awaiting review
MDEwOlJlcG9zaXRvcnk5MTg1Nzky,echarts,/apache/echarts,PR: revision needed
MDEwOlJlcG9zaXRvcnk5MTg1Nzky,echarts,/apache/echarts,PR: author is committer
MDEwOlJlcG9zaXRvcnk5MTg1Nzky,echarts,/apache/echarts,topic: bar
MDEwOlJlcG9zaXRvcnk5MTg1Nzky,echarts,/apache/echarts,discussion-required
MDEwOlJlcG9zaXRvcnk5MTg1Nzky,echarts,/apache/echarts,topic: sunburst
MDEwOlJlcG9zaXRvcnk5MTg1Nzky,echarts,/apache/echarts,topic: radar
MDEwOlJlcG9zaXRvcnk5MTg1Nzky,echarts,/apache/echarts,timezone
MDEwOlJlcG9zaXRvcnk5MTg1Nzky,echarts,/apache/echarts,topic: pie
MDEwOlJlcG9zaXRvcnk5MTg1Nzky,echarts,/apache/echarts,PR: please merge
MDEwOlJlcG9zaXRvcnk5MTg1Nzky,echarts,/apache/echarts,waiting-for: author
MDEwOlJlcG9zaXRvcnk5MTg1Nzky,echarts,/apache/echarts,waiting-for: community
MDEwOlJlcG9zaXRvcnk5MTg1Nzky,echarts,/apache/echarts,topic: k
MDEwOlJlcG9zaXRvcnk5MTg1Nzky,echarts,/apache/echarts,topic: parallel
MDEwOlJlcG9zaXRvcnk5MTg1Nzky,echarts,/apache/echarts,topic: geo
MDEwOlJlcG9zaXRvcnk5MTg1Nzky,echarts,/apache/echarts,topic: miniBI
MDEwOlJlcG9zaXRvcnk5MTg1Nzky,echarts,/apache/echarts,topic: label
MDEwOlJlcG9zaXRvcnk5MTg1Nzky,echarts,/apache/echarts,FAQ
MDEwOlJlcG9zaXRvcnk5MTg1Nzky,echarts,/apache/echarts,PR: awaiting doc
MDEwOlJlcG9zaXRvcnk5MTg1Nzky,echarts,/apache/echarts,topic: axis
MDEwOlJlcG9zaXRvcnk5MTg1Nzky,echarts,/apache/echarts,topic: marker
MDEwOlJlcG9zaXRvcnk5MTg1Nzky,echarts,/apache/echarts,topic: visualMap
MDEwOlJlcG9zaXRvcnk5MTg1Nzky,echarts,/apache/echarts,topic: line
MDEwOlJlcG9zaXRvcnk5MTg1Nzky,echarts,/apache/echarts,animation
MDEwOlJlcG9zaXRvcnk5MTg1Nzky,echarts,/apache/echarts,topic: axis-time
MDEwOlJlcG9zaXRvcnk5MTg1Nzky,echarts,/apache/echarts,topic: formatter
MDEwOlJlcG9zaXRvcnk5MTg1Nzky,echarts,/apache/echarts,size/L
MDEwOlJlcG9zaXRvcnk5MTg1Nzky,echarts,/apache/echarts,size/XS
MDEwOlJlcG9zaXRvcnk5MTg1Nzky,echarts,/apache/echarts,size/S
MDEwOlJlcG9zaXRvcnk5MTg1Nzky,echarts,/apache/echarts,size/M
MDEwOlJlcG9zaXRvcnk5MTg1Nzky,echarts,/apache/echarts,size/XL
MDEwOlJlcG9zaXRvcnk5MTg1Nzky,echarts,/apache/echarts,size/XXL
MDEwOlJlcG9zaXRvcnk5MTg1Nzky,echarts,/apache/echarts,design
MDEwOlJlcG9zaXRvcnk5MTg1Nzky,echarts,/apache/echarts,tool
MDEwOlJlcG9zaXRvcnk5MTg1Nzky,echarts,/apache/echarts,topic: custom
MDEwOlJlcG9zaXRvcnk5MTg1Nzky,echarts,/apache/echarts,topic: heatmap
MDEwOlJlcG9zaXRvcnk5MTg1Nzky,echarts,/apache/echarts,topic: lines
MDEwOlJlcG9zaXRvcnk5MTg1Nzky,echarts,/apache/echarts,topic: toolbox
MDEwOlJlcG9zaXRvcnk5MTg1Nzky,echarts,/apache/echarts,topic: bmap
MDEwOlJlcG9zaXRvcnk5MTg1Nzky,echarts,/apache/echarts,FAQ v5
MDEwOlJlcG9zaXRvcnk5MTg1Nzky,echarts,/apache/echarts,topic: connect
MDEwOlJlcG9zaXRvcnk5MTg1Nzky,echarts,/apache/echarts,topic: css grid/flex
MDEwOlJlcG9zaXRvcnk5MTg1Nzky,echarts,/apache/echarts,topic: pictorialBar
MDEwOlJlcG9zaXRvcnk5MTg1Nzky,echarts,/apache/echarts,topic: decal
MDEwOlJlcG9zaXRvcnk5MTg1Nzky,echarts,/apache/echarts,invalid
MDEwOlJlcG9zaXRvcnk5MTg1Nzky,echarts,/apache/echarts,topic: scatter
MDEwOlJlcG9zaXRvcnk5MTg1Nzky,echarts,/apache/echarts,topic: richText
MDEwOlJlcG9zaXRvcnk5MTg1Nzky,echarts,/apache/echarts,PR: first-time contributor
MDEwOlJlcG9zaXRvcnk5MTg1Nzky,echarts,/apache/echarts,topic: calendar
MDEwOlJlcG9zaXRvcnk5MTg1Nzky,echarts,/apache/echarts,topic: funnel
MDEwOlJlcG9zaXRvcnk5MTg1Nzky,echarts,/apache/echarts,missing-title
MDEwOlJlcG9zaXRvcnk5MTg1Nzky,echarts,/apache/echarts,topic: boxplot
MDEwOlJlcG9zaXRvcnkxMTE4MDQzNQ==,capnproto-rust,/capnproto/capnproto-rust,bug
MDEwOlJlcG9zaXRvcnkxMTE4MDQzNQ==,capnproto-rust,/capnproto/capnproto-rust,duplicate
MDEwOlJlcG9zaXRvcnkxMTE4MDQzNQ==,capnproto-rust,/capnproto/capnproto-rust,enhancement
MDEwOlJlcG9zaXRvcnkxMTE4MDQzNQ==,capnproto-rust,/capnproto/capnproto-rust,invalid
MDEwOlJlcG9zaXRvcnkxMTE4MDQzNQ==,capnproto-rust,/capnproto/capnproto-rust,question
MDEwOlJlcG9zaXRvcnkxMTE4MDQzNQ==,capnproto-rust,/capnproto/capnproto-rust,wontfix
MDEwOlJlcG9zaXRvcnkxNjI2NzI1Nzc=,PaddleHub,/PaddlePaddle/PaddleHub,bug
MDEwOlJlcG9zaXRvcnkxNjI2NzI1Nzc=,PaddleHub,/PaddlePaddle/PaddleHub,duplicate
MDEwOlJlcG9zaXRvcnkxNjI2NzI1Nzc=,PaddleHub,/PaddlePaddle/PaddleHub,enhancement
MDEwOlJlcG9zaXRvcnkxNjI2NzI1Nzc=,PaddleHub,/PaddlePaddle/PaddleHub,help wanted
MDEwOlJlcG9zaXRvcnkxNjI2NzI1Nzc=,PaddleHub,/PaddlePaddle/PaddleHub,good first issue
MDEwOlJlcG9zaXRvcnkxNjI2NzI1Nzc=,PaddleHub,/PaddlePaddle/PaddleHub,invalid
MDEwOlJlcG9zaXRvcnkxNjI2NzI1Nzc=,PaddleHub,/PaddlePaddle/PaddleHub,question
MDEwOlJlcG9zaXRvcnkxNjI2NzI1Nzc=,PaddleHub,/PaddlePaddle/PaddleHub,wontfix
MDEwOlJlcG9zaXRvcnkxNjI2NzI1Nzc=,PaddleHub,/PaddlePaddle/PaddleHub,installation
MDEwOlJlcG9zaXRvcnkxNjI2NzI1Nzc=,PaddleHub,/PaddlePaddle/PaddleHub,document
MDEwOlJlcG9zaXRvcnkxNjI2NzI1Nzc=,PaddleHub,/PaddlePaddle/PaddleHub,deployment
MDEwOlJlcG9zaXRvcnkxNjI2NzI1Nzc=,PaddleHub,/PaddlePaddle/PaddleHub,serving
MDEwOlJlcG9zaXRvcnkxNjI2NzI1Nzc=,PaddleHub,/PaddlePaddle/PaddleHub,feature
MDEwOlJlcG9zaXRvcnkxNjI2NzI1Nzc=,PaddleHub,/PaddlePaddle/PaddleHub,finetuned model serving
MDEwOlJlcG9zaXRvcnkxNjI2NzI1Nzc=,PaddleHub,/PaddlePaddle/PaddleHub,nlp
MDEwOlJlcG9zaXRvcnkxNjI2NzI1Nzc=,PaddleHub,/PaddlePaddle/PaddleHub,cv
MDEwOlJlcG9zaXRvcnkxNjI2NzI1Nzc=,PaddleHub,/PaddlePaddle/PaddleHub,SIG
MDEwOlJlcG9zaXRvcnkxNjI2NzI1Nzc=,PaddleHub,/PaddlePaddle/PaddleHub,dependencies
MDEwOlJlcG9zaXRvcnkxNjI2NzI1Nzc=,PaddleHub,/PaddlePaddle/PaddleHub,audio
MDEwOlJlcG9zaXRvcnkxMDM1NzQzMzY=,xNode,/Siccity/xNode,bug
MDEwOlJlcG9zaXRvcnkxMDM1NzQzMzY=,xNode,/Siccity/xNode,duplicate
MDEwOlJlcG9zaXRvcnkxMDM1NzQzMzY=,xNode,/Siccity/xNode,enhancement
MDEwOlJlcG9zaXRvcnkxMDM1NzQzMzY=,xNode,/Siccity/xNode,help wanted
MDEwOlJlcG9zaXRvcnkxMDM1NzQzMzY=,xNode,/Siccity/xNode,good first issue
MDEwOlJlcG9zaXRvcnkxMDM1NzQzMzY=,xNode,/Siccity/xNode,invalid
MDEwOlJlcG9zaXRvcnkxMDM1NzQzMzY=,xNode,/Siccity/xNode,question
MDEwOlJlcG9zaXRvcnkxMDM1NzQzMzY=,xNode,/Siccity/xNode,wontfix
MDEwOlJlcG9zaXRvcnkxMDM1NzQzMzY=,xNode,/Siccity/xNode,can't reproduce
MDEwOlJlcG9zaXRvcnkxMDM1NzQzMzY=,xNode,/Siccity/xNode,unity bug
MDEwOlJlcG9zaXRvcnkxMDM1NzQzMzY=,xNode,/Siccity/xNode,user snippet
MDEwOlJlcG9zaXRvcnkxMDM1NzQzMzY=,xNode,/Siccity/xNode,edge case
MDEwOlJlcG9zaXRvcnk1ODg0MjcwNw==,algo,/trailofbits/algo,bug
MDEwOlJlcG9zaXRvcnk1ODg0MjcwNw==,algo,/trailofbits/algo,duplicate
MDEwOlJlcG9zaXRvcnk1ODg0MjcwNw==,algo,/trailofbits/algo,invalid
MDEwOlJlcG9zaXRvcnk1ODg0MjcwNw==,algo,/trailofbits/algo,wontfix
MDEwOlJlcG9zaXRvcnk1ODg0MjcwNw==,algo,/trailofbits/algo,documentation
MDEwOlJlcG9zaXRvcnk1ODg0MjcwNw==,algo,/trailofbits/algo,needs_info
MDEwOlJlcG9zaXRvcnk1ODg0MjcwNw==,algo,/trailofbits/algo,needs_rebase
MDEwOlJlcG9zaXRvcnk1ODg0MjcwNw==,algo,/trailofbits/algo,cloud_provider_unsupported
MDEwOlJlcG9zaXRvcnk1ODg0MjcwNw==,algo,/trailofbits/algo,client_windows
MDEwOlJlcG9zaXRvcnk1ODg0MjcwNw==,algo,/trailofbits/algo,security_enhancement
MDEwOlJlcG9zaXRvcnk1ODg0MjcwNw==,algo,/trailofbits/algo,cloud_provider
MDEwOlJlcG9zaXRvcnk1ODg0MjcwNw==,algo,/trailofbits/algo,client_linux
MDEwOlJlcG9zaXRvcnk1ODg0MjcwNw==,algo,/trailofbits/algo,client_apple
MDEwOlJlcG9zaXRvcnk1ODg0MjcwNw==,algo,/trailofbits/algo,client_unsupported
MDEwOlJlcG9zaXRvcnk1ODg0MjcwNw==,algo,/trailofbits/algo,ansible_server_deploy
MDEwOlJlcG9zaXRvcnk1ODg0MjcwNw==,algo,/trailofbits/algo,client_android
MDEwOlJlcG9zaXRvcnk1ODg0MjcwNw==,algo,/trailofbits/algo,ux_enhancement
MDEwOlJlcG9zaXRvcnk1ODg0MjcwNw==,algo,/trailofbits/algo,bsd
MDEwOlJlcG9zaXRvcnk1ODg0MjcwNw==,algo,/trailofbits/algo,needs_changes
MDEwOlJlcG9zaXRvcnk1ODg0MjcwNw==,algo,/trailofbits/algo,needs_tests
MDEwOlJlcG9zaXRvcnk1ODg0MjcwNw==,algo,/trailofbits/algo,needs_pr
MDEwOlJlcG9zaXRvcnk1ODg0MjcwNw==,algo,/trailofbits/algo,ansible_client_deploy
MDEwOlJlcG9zaXRvcnk1ODg0MjcwNw==,algo,/trailofbits/algo,ansible_user_update
MDEwOlJlcG9zaXRvcnk1ODg0MjcwNw==,algo,/trailofbits/algo,performance_enhancement
MDEwOlJlcG9zaXRvcnk1ODg0MjcwNw==,algo,/trailofbits/algo,ipv6
MDEwOlJlcG9zaXRvcnk1ODg0MjcwNw==,algo,/trailofbits/algo,good first issue
MDEwOlJlcG9zaXRvcnk1ODg0MjcwNw==,algo,/trailofbits/algo,deploy_enhancements
MDEwOlJlcG9zaXRvcnk1ODg0MjcwNw==,algo,/trailofbits/algo,ready_to_merge
MDEwOlJlcG9zaXRvcnk1ODg0MjcwNw==,algo,/trailofbits/algo,work_in_progress
MDEwOlJlcG9zaXRvcnk1ODg0MjcwNw==,algo,/trailofbits/algo,needs_review
MDEwOlJlcG9zaXRvcnk1ODg0MjcwNw==,algo,/trailofbits/algo,timeout
MDEwOlJlcG9zaXRvcnk1ODg0MjcwNw==,algo,/trailofbits/algo,needs_triage
MDEwOlJlcG9zaXRvcnk1ODg0MjcwNw==,algo,/trailofbits/algo,requires_ansible_2.8
MDEwOlJlcG9zaXRvcnk1ODg0MjcwNw==,algo,/trailofbits/algo,1.1
MDEwOlJlcG9zaXRvcnk1ODg0MjcwNw==,algo,/trailofbits/algo,tests
MDEwOlJlcG9zaXRvcnk1ODg0MjcwNw==,algo,/trailofbits/algo,1.2
MDEwOlJlcG9zaXRvcnk1ODg0MjcwNw==,algo,/trailofbits/algo,help wanted
MDEwOlJlcG9zaXRvcnk1ODg0MjcwNw==,algo,/trailofbits/algo,dependencies
MDEwOlJlcG9zaXRvcnk1ODg0MjcwNw==,algo,/trailofbits/algo,incomplete
MDEwOlJlcG9zaXRvcnk1ODg0MjcwNw==,algo,/trailofbits/algo,hacktoberfest
MDEwOlJlcG9zaXRvcnk1ODg0MjcwNw==,algo,/trailofbits/algo,missing_template
MDEwOlJlcG9zaXRvcnk1ODg0MjcwNw==,algo,/trailofbits/algo,wishlist
MDEwOlJlcG9zaXRvcnk1ODg0MjcwNw==,algo,/trailofbits/algo,wontdo
MDEwOlJlcG9zaXRvcnk1ODg0MjcwNw==,algo,/trailofbits/algo,github_actions
MDEwOlJlcG9zaXRvcnk1ODg0MjcwNw==,algo,/trailofbits/algo,python
MDEwOlJlcG9zaXRvcnkzMzE5NzY5,libsass,/sass/libsass,Dev - Needs Test
MDEwOlJlcG9zaXRvcnkzMzE5NzY5,libsass,/sass/libsass,Invalid - Not in Sass
MDEwOlJlcG9zaXRvcnkzMzE5NzY5,libsass,/sass/libsass,Community
MDEwOlJlcG9zaXRvcnkzMzE5NzY5,libsass,/sass/libsass,Bug - Confirmed
MDEwOlJlcG9zaXRvcnkzMzE5NzY5,libsass,/sass/libsass,Discussion - Proposal
MDEwOlJlcG9zaXRvcnkzMzE5NzY5,libsass,/sass/libsass,bounty
MDEwOlJlcG9zaXRvcnkzMzE5NzY5,libsass,/sass/libsass,Bug - Maybe
MDEwOlJlcG9zaXRvcnkzMzE5NzY5,libsass,/sass/libsass,Discussion - Question
MDEwOlJlcG9zaXRvcnkzMzE5NzY5,libsass,/sass/libsass,Bug - Downstream
MDEwOlJlcG9zaXRvcnkzMzE5NzY5,libsass,/sass/libsass,Dev - Test Written
MDEwOlJlcG9zaXRvcnkzMzE5NzY5,libsass,/sass/libsass,Bug - Sourcemaps
MDEwOlJlcG9zaXRvcnkzMzE5NzY5,libsass,/sass/libsass,Dev - Internal
MDEwOlJlcG9zaXRvcnkzMzE5NzY5,libsass,/sass/libsass,Build
MDEwOlJlcG9zaXRvcnkzMzE5NzY5,libsass,/sass/libsass,Bug - Whitespace
MDEwOlJlcG9zaXRvcnkzMzE5NzY5,libsass,/sass/libsass,C API
MDEwOlJlcG9zaXRvcnkzMzE5NzY5,libsass,/sass/libsass,Bug - Output Modes
MDEwOlJlcG9zaXRvcnkzMzE5NzY5,libsass,/sass/libsass,Bug - @extends
MDEwOlJlcG9zaXRvcnkzMzE5NzY5,libsass,/sass/libsass,OS - Windows
MDEwOlJlcG9zaXRvcnkzMzE5NzY5,libsass,/sass/libsass,Dev - WIP
MDEwOlJlcG9zaXRvcnkzMzE5NzY5,libsass,/sass/libsass,Dev - PR Ready
MDEwOlJlcG9zaXRvcnkzMzE5NzY5,libsass,/sass/libsass,Bug - Regression
MDEwOlJlcG9zaXRvcnkzMzE5NzY5,libsass,/sass/libsass,Bug - Selectors
MDEwOlJlcG9zaXRvcnkzMzE5NzY5,libsass,/sass/libsass,Invalid - Duplicate
MDEwOlJlcG9zaXRvcnkzMzE5NzY5,libsass,/sass/libsass,Invalid - By Design
MDEwOlJlcG9zaXRvcnkzMzE5NzY5,libsass,/sass/libsass,Invalid - Not Reproducible
MDEwOlJlcG9zaXRvcnkzMzE5NzY5,libsass,/sass/libsass,Invalid - Wont Fix
MDEwOlJlcG9zaXRvcnkzMzE5NzY5,libsass,/sass/libsass,Dev - Needs Review
MDEwOlJlcG9zaXRvcnkzMzE5NzY5,libsass,/sass/libsass,BLOCKED
MDEwOlJlcG9zaXRvcnkzMzE5NzY5,libsass,/sass/libsass,OS - Linux
MDEwOlJlcG9zaXRvcnkzMzE5NzY5,libsass,/sass/libsass,OS - OSX
MDEwOlJlcG9zaXRvcnkzMzE5NzY5,libsass,/sass/libsass,OS - SunOS / Solaris
MDEwOlJlcG9zaXRvcnkzMzE5NzY5,libsass,/sass/libsass,Release - Blocker
MDEwOlJlcG9zaXRvcnkzMzE5NzY5,libsass,/sass/libsass,Release - TODO
MDEwOlJlcG9zaXRvcnkzMzE5NzY5,libsass,/sass/libsass,Feature - Implementation
MDEwOlJlcG9zaXRvcnkzMzE5NzY5,libsass,/sass/libsass,Feature - Request
MDEwOlJlcG9zaXRvcnkzMzE5NzY5,libsass,/sass/libsass,Release - Breaking Change
MDEwOlJlcG9zaXRvcnkzMzE5NzY5,libsass,/sass/libsass,Bug - Wording
MDEwOlJlcG9zaXRvcnkzMzE5NzY5,libsass,/sass/libsass,Bug - Should Error
MDEwOlJlcG9zaXRvcnkzMzE5NzY5,libsass,/sass/libsass,Bug - Interpolation
MDEwOlJlcG9zaXRvcnkzMzE5NzY5,libsass,/sass/libsass,Blocked - Ruby Sass
MDEwOlJlcG9zaXRvcnkzMzE5NzY5,libsass,/sass/libsass,Feature - Missing
MDEwOlJlcG9zaXRvcnkzMzE5NzY5,libsass,/sass/libsass,Sass 3.5
MDEwOlJlcG9zaXRvcnkzMzE5NzY5,libsass,/sass/libsass,Sass 4.0
MDEwOlJlcG9zaXRvcnkzMzE5NzY5,libsass,/sass/libsass,Bug - Has Workaround
MDEwOlJlcG9zaXRvcnkzMzE5NzY5,libsass,/sass/libsass,Sass 3.4
MDEwOlJlcG9zaXRvcnkzMzE5NzY5,libsass,/sass/libsass,Sass 3.4 Compatibility
MDEwOlJlcG9zaXRvcnkzMzE5NzY5,libsass,/sass/libsass,Back port to 3.4 stable
MDEwOlJlcG9zaXRvcnkzMzE5NzY5,libsass,/sass/libsass,sass2scss
MDEwOlJlcG9zaXRvcnkzMzE5NzY5,libsass,/sass/libsass,Bug - @at-root with/without
MDEwOlJlcG9zaXRvcnkzMzE5NzY5,libsass,/sass/libsass,LibSass 3.6
MDEwOlJlcG9zaXRvcnkzMzE5NzY5,libsass,/sass/libsass,Back port to 3.5 stable
MDEwOlJlcG9zaXRvcnkzMzE5NzY5,libsass,/sass/libsass,ported to 3.4
MDEwOlJlcG9zaXRvcnkzMzE5NzY5,libsass,/sass/libsass,ported to 3.5
MDEwOlJlcG9zaXRvcnkzMzE5NzY5,libsass,/sass/libsass,Sass 3.6
MDEwOlJlcG9zaXRvcnkzMzE5NzY5,libsass,/sass/libsass,selector-validation
MDEwOlJlcG9zaXRvcnkzMzE5NzY5,libsass,/sass/libsass,Native css/sass parser
MDEwOlJlcG9zaXRvcnkzMzE5NzY5,libsass,/sass/libsass,Documentation - Request
MDEwOlJlcG9zaXRvcnkzMzE5NzY5,libsass,/sass/libsass,Fuzzy
MDEwOlJlcG9zaXRvcnkzMzE5NzY5,libsass,/sass/libsass,LibSass 3.7
MDEwOlJlcG9zaXRvcnkzMzE5NzY5,libsass,/sass/libsass,LibSass 3.8
MDEwOlJlcG9zaXRvcnkzMzE5NzY5,libsass,/sass/libsass,LibSass 4.0
MDEwOlJlcG9zaXRvcnkzMzE5NzY5,libsass,/sass/libsass,Compatibility - P1 âš ï¸
MDEwOlJlcG9zaXRvcnkzMzE5NzY5,libsass,/sass/libsass,Compatibility - P2
MDEwOlJlcG9zaXRvcnkzMzE5NzY5,libsass,/sass/libsass,Compatibility - P3
MDEwOlJlcG9zaXRvcnkzMzE5NzY5,libsass,/sass/libsass,For Starters
MDEwOlJlcG9zaXRvcnkzMzE5NzY5,libsass,/sass/libsass,LibSass 5.0
MDEwOlJlcG9zaXRvcnkzMzE5NzY5,libsass,/sass/libsass,Dart Backport Done
MDEwOlJlcG9zaXRvcnkzMzE5NzY5,libsass,/sass/libsass,Dart Backport ToDo
MDEwOlJlcG9zaXRvcnkzMzE5NzY5,libsass,/sass/libsass,Bug - Upstream
MDEwOlJlcG9zaXRvcnkzMzE5NzY5,libsass,/sass/libsass,Bug - Dart Sass
MDEwOlJlcG9zaXRvcnkxMjI3MzQ1Njk=,lux,/iawia002/lux,bug
MDEwOlJlcG9zaXRvcnkxMjI3MzQ1Njk=,lux,/iawia002/lux,duplicate
MDEwOlJlcG9zaXRvcnkxMjI3MzQ1Njk=,lux,/iawia002/lux,enhancement
MDEwOlJlcG9zaXRvcnkxMjI3MzQ1Njk=,lux,/iawia002/lux,help wanted
MDEwOlJlcG9zaXRvcnkxMjI3MzQ1Njk=,lux,/iawia002/lux,good first issue
MDEwOlJlcG9zaXRvcnkxMjI3MzQ1Njk=,lux,/iawia002/lux,invalid
MDEwOlJlcG9zaXRvcnkxMjI3MzQ1Njk=,lux,/iawia002/lux,question
MDEwOlJlcG9zaXRvcnkxMjI3MzQ1Njk=,lux,/iawia002/lux,wontfix
MDEwOlJlcG9zaXRvcnkxMjI3MzQ1Njk=,lux,/iawia002/lux,feature-request
MDEwOlJlcG9zaXRvcnkxMjI3MzQ1Njk=,lux,/iawia002/lux,utils
MDEwOlJlcG9zaXRvcnkxMjI3MzQ1Njk=,lux,/iawia002/lux,later
MDEwOlJlcG9zaXRvcnkxMjI3MzQ1Njk=,lux,/iawia002/lux,youku
MDEwOlJlcG9zaXRvcnkxMjI3MzQ1Njk=,lux,/iawia002/lux,discuss
MDEwOlJlcG9zaXRvcnkxMjI3MzQ1Njk=,lux,/iawia002/lux,youtube
MDEwOlJlcG9zaXRvcnkxMjI3MzQ1Njk=,lux,/iawia002/lux,iqiyi
MDEwOlJlcG9zaXRvcnkxMjI3MzQ1Njk=,lux,/iawia002/lux,mgtv
MDEwOlJlcG9zaXRvcnkxMjI3MzQ1Njk=,lux,/iawia002/lux,bilibili
MDEwOlJlcG9zaXRvcnkxMjI3MzQ1Njk=,lux,/iawia002/lux,FFmpeg
MDEwOlJlcG9zaXRvcnkxMjI3MzQ1Njk=,lux,/iawia002/lux,weibo
MDEwOlJlcG9zaXRvcnkxMjI3MzQ1Njk=,lux,/iawia002/lux,qq
MDEwOlJlcG9zaXRvcnkxMjI3MzQ1Njk=,lux,/iawia002/lux,network
MDEwOlJlcG9zaXRvcnkxMjI3MzQ1Njk=,lux,/iawia002/lux,miaopai
MDEwOlJlcG9zaXRvcnkxMjI3MzQ1Njk=,lux,/iawia002/lux,douyin
MDEwOlJlcG9zaXRvcnkxMjI3MzQ1Njk=,lux,/iawia002/lux,dependencies
MDEwOlJlcG9zaXRvcnk0MTU2MTEwNQ==,resty,/go-resty/resty,bug
MDEwOlJlcG9zaXRvcnk0MTU2MTEwNQ==,resty,/go-resty/resty,enhancement
MDEwOlJlcG9zaXRvcnk0MTU2MTEwNQ==,resty,/go-resty/resty,help wanted
MDEwOlJlcG9zaXRvcnk0MTU2MTEwNQ==,resty,/go-resty/resty,question
MDEwOlJlcG9zaXRvcnk0MTU2MTEwNQ==,resty,/go-resty/resty,feature
MDEwOlJlcG9zaXRvcnk0MTU2MTEwNQ==,resty,/go-resty/resty,documentation
MDEwOlJlcG9zaXRvcnk0MTU2MTEwNQ==,resty,/go-resty/resty,deferred
MDEwOlJlcG9zaXRvcnk0MTU2MTEwNQ==,resty,/go-resty/resty,breaking change
MDEwOlJlcG9zaXRvcnk0MTU2MTEwNQ==,resty,/go-resty/resty,analysis
MDEwOlJlcG9zaXRvcnk0MTU2MTEwNQ==,resty,/go-resty/resty,support
MDEwOlJlcG9zaXRvcnk0MTU2MTEwNQ==,resty,/go-resty/resty,interaction
MDEwOlJlcG9zaXRvcnk0MTU2MTEwNQ==,resty,/go-resty/resty,POC
MDEwOlJlcG9zaXRvcnk0MTU2MTEwNQ==,resty,/go-resty/resty,answered
MDEwOlJlcG9zaXRvcnk0MTU2MTEwNQ==,resty,/go-resty/resty,Spec
MDEwOlJlcG9zaXRvcnk0MTU2MTEwNQ==,resty,/go-resty/resty,v2
MDEwOlJlcG9zaXRvcnk0MTU2MTEwNQ==,resty,/go-resty/resty,v1
MDEwOlJlcG9zaXRvcnk0MTU2MTEwNQ==,resty,/go-resty/resty,community
MDEwOlJlcG9zaXRvcnk0MTU2MTEwNQ==,resty,/go-resty/resty,backlog
MDEwOlJlcG9zaXRvcnk0MTU2MTEwNQ==,resty,/go-resty/resty,test case
MDEwOlJlcG9zaXRvcnk0MTU2MTEwNQ==,resty,/go-resty/resty,v3
MDEwOlJlcG9zaXRvcnk0MTU2MTEwNQ==,resty,/go-resty/resty,hacktoberfest-accepted
MDEwOlJlcG9zaXRvcnkyOTI3MzA4NA==,pandas-datareader,/pydata/pandas-datareader,bug
MDEwOlJlcG9zaXRvcnkyOTI3MzA4NA==,pandas-datareader,/pydata/pandas-datareader,duplicate
MDEwOlJlcG9zaXRvcnkyOTI3MzA4NA==,pandas-datareader,/pydata/pandas-datareader,enhancement
MDEwOlJlcG9zaXRvcnkyOTI3MzA4NA==,pandas-datareader,/pydata/pandas-datareader,help wanted
MDEwOlJlcG9zaXRvcnkyOTI3MzA4NA==,pandas-datareader,/pydata/pandas-datareader,invalid
MDEwOlJlcG9zaXRvcnkyOTI3MzA4NA==,pandas-datareader,/pydata/pandas-datareader,question
MDEwOlJlcG9zaXRvcnkyOTI3MzA4NA==,pandas-datareader,/pydata/pandas-datareader,wontfix
MDEwOlJlcG9zaXRvcnkyOTI3MzA4NA==,pandas-datareader,/pydata/pandas-datareader,testing
MDEwOlJlcG9zaXRvcnkyOTI3MzA4NA==,pandas-datareader,/pydata/pandas-datareader,google-finance
MDEwOlJlcG9zaXRvcnkyOTI3MzA4NA==,pandas-datareader,/pydata/pandas-datareader,yahoo-finance
MDEwOlJlcG9zaXRvcnkyOTI3MzA4NA==,pandas-datareader,/pydata/pandas-datareader,new-data-source
MDEwOlJlcG9zaXRvcnkyOTI3MzA4NA==,pandas-datareader,/pydata/pandas-datareader,0.8
MDEwOlJlcG9zaXRvcnkyOTI3MzA4NA==,pandas-datareader,/pydata/pandas-datareader,Good First Issue
MDEwOlJlcG9zaXRvcnkxNzE1NDU3Mw==,php-pm,/php-pm/php-pm,bug
MDEwOlJlcG9zaXRvcnkxNzE1NDU3Mw==,php-pm,/php-pm/php-pm,duplicate
MDEwOlJlcG9zaXRvcnkxNzE1NDU3Mw==,php-pm,/php-pm/php-pm,enhancement
MDEwOlJlcG9zaXRvcnkxNzE1NDU3Mw==,php-pm,/php-pm/php-pm,invalid
MDEwOlJlcG9zaXRvcnkxNzE1NDU3Mw==,php-pm,/php-pm/php-pm,question
MDEwOlJlcG9zaXRvcnkxNzE1NDU3Mw==,php-pm,/php-pm/php-pm,wontfix
MDEwOlJlcG9zaXRvcnkxNzE1NDU3Mw==,php-pm,/php-pm/php-pm,easy-pick
MDEwOlJlcG9zaXRvcnkxNzE1NDU3Mw==,php-pm,/php-pm/php-pm,important
MDEwOlJlcG9zaXRvcnkxNzE1NDU3Mw==,php-pm,/php-pm/php-pm,blocked
MDEwOlJlcG9zaXRvcnkxNzE1NDU3Mw==,php-pm,/php-pm/php-pm,framework related
MDEwOlJlcG9zaXRvcnkxNzE1NDU3Mw==,php-pm,/php-pm/php-pm,core
MDEwOlJlcG9zaXRvcnkxNzE1NDU3Mw==,php-pm,/php-pm/php-pm,information needed
